Price,Address,Property Type,Beds,Baths,Car,Inspection Time,Sold Date,Agent,Number of listings
"$640,000 - $670,000","34 Hastings Square, Warragul",House,4,2,2,,,Daniel Sheehan,1-25 of 574 properties
"$600,000-$660,000","18 Paramount Way, Pakenham",House,3,2,2,,,Jess Ostrom,1-25 of 574 properties
"$440,000 - $480,000","24 Luella Lane, Pakenham",House,3,2,1,,,Darsh Naidoo,1-25 of 574 properties
"$640,000 - $680,000","2 Jane Court, Drouin",House,4,2,2,,,Jo Cappola,1-25 of 574 properties
"$639,000","8 Kurrajong Road, Warragul",House,4,2,2,,,Stuart Brock,1-25 of 574 properties
"$650,000 - $715,000","10 Fairlane Court, Cranbourne East",House,3,2,2,,,Mina Saad,1-25 of 574 properties
"$580,000 - $620,000","10 Bohemia Crescent, Pakenham",House,3,2,1,,,Jamie O'Halloran,1-25 of 574 properties
"$575,000 - $595,000","15 Hatfield Drive, Drouin",House,3,2,1,,,Libby Talbot,1-25 of 574 properties
$620 000 - $660 000,"40 Cook Street, Drouin",House,4,2,2,,,Brad Boyde,1-25 of 574 properties
$600K-$660K! Brand New! Premium Built!,"8 Orana Boulevard, Clyde North",House,3,2,2,,,Aseem Jhanji,1-25 of 574 properties
"$545,000 - $595,000","9 Eminence Drive, Cranbourne West",House,3,2,1,,,Chaminda Gunasekara,1-25 of 574 properties
"$645,000 - $660,000","10 Arwon Street, Drouin",House,4,2,2,,,Jo Cappola,1-25 of 574 properties
"$600,000 - $650,000","1 Helena Court, Frankston",House,4,2,1,,,John Walsh,1-25 of 574 properties
"$620,000  - $640,000","5 Kenneth Court, Neerim South",House,4,2,2,,,Sarah Francis,1-25 of 574 properties
"$629,000","2/64 Clifford Street, Warragul",House,3,2,1,,,Phil Gallagher,1-25 of 574 properties
"$595,000 - $650,000","21 Egret Way, Pakenham",House,3,2,2,,,Sam Paynter,1-25 of 574 properties
,"3 Sabot Street, Clyde North",House,3,2,2,,,Dilshan Wijerathna,1-25 of 574 properties
"$575,000 - $625,000","11 Ballast Drive, Warragul",House,4,2,2,,,Dale Atkin,1-25 of 574 properties
"$630,000 - $690,000","26 Barcelona Avenue, Clyde North",House,3,2,2,,,Vikram Dhankhar,1-25 of 574 properties
"$600,000 - $650,000","8 Glory Street, Clyde North",House,3,2,2,,,Nick Kaura,1-25 of 574 properties
Must Sell! $549K-$599K! No Body Corp!,"7 Poplar Lane, Clyde",House,3,2,2,,,Aseem Jhanji,1-25 of 574 properties
"$640,000-$675,000","12 Gloucester Place, Warragul",House,3,2,2,,,Tyler Hogan,1-25 of 574 properties
"$600,000-$650,000","6 Dot Court, Drouin",House,4,2,2,,,Kim Durrand,1-25 of 574 properties
$645 000 - $695 000,"9 Sadleria Street, Drouin",House,4,2,2,,,Brad Boyde,1-25 of 574 properties
"$600,000 - $660,000","101 Bona Vista Rise, Clyde",House,3,2,2,,,Isha Dhillon,26-50 of 574 properties
"$550,000 - $605,000","32 Obrien Parade, Pakenham",House,3,2,2,,,Ron Marshall,26-50 of 574 properties
"$590,000 - $649,000","5 Cassa Blue Circuit, Narre Warren",House,3,2,2,Inspection Thu 19 Dec 12:00 pm,,Luke McCandless,26-50 of 574 properties
"$540,000 - $590,000","10 Haakman Way, Pakenham",House,3,2,2,,,Barry McMurchie and Christine Quarrie,26-50 of 574 properties
$599K - $658K Brand New!,"6  Kamet Street, Clyde",House,4,2,1,,,Madhawa Hewawasam,26-50 of 574 properties
"$580,00 - $630,000","8 Frogmores Street, Pakenham",House,3,2,2,,,Suraj Samaranayake,26-50 of 574 properties
"$600,000 - $660,000","8 Freshman Avenue, Clyde",House,3,2,1,,,Madhawa Hewawasam,26-50 of 574 properties
"$620,000 to $669,000","73 Walker Drive, Drouin",House,4,2,4,,,Candice Hill,26-50 of 574 properties
"$590,000 - $649,000 NEW PRICE!!!","62 Pound Road, Hampton Park",House,3,2,1,,,Rowan Reddy,26-50 of 574 properties
"$590,000 - $649,000","2 Bambury Close, Koo Wee Rup",House,4,2,2,,,Mark Sewell,26-50 of 574 properties
"$530,000 - $580,000","2/341 Rossiter Road, Koo Wee Rup",House,3,2,2,,,Sarah McCallum,26-50 of 574 properties
"$650,000 - $715,000","29 Andante Crescent, Clyde",House,4,2,2,,,Tahnee Morgan,26-50 of 574 properties
"$640,000 - $699,000","159 McGlone Road, Drouin",House,4,2,2,,,Matt Smith,26-50 of 574 properties
$549k - $599k No Body Corp & Brand New,"5  Seve Walk, Clyde North",House,3,2,2,,,Madhawa Hewawasam,26-50 of 574 properties
"$639,000-$699,000","1 Elmsford Crescent, Cranbourne West",House,3,2,2,,,Hardeep Singh,26-50 of 574 properties
"$565,000 - $620,000","44 Meadowbrook Crescent, Warragul",House,4,2,2,,,Chris Hill,26-50 of 574 properties
"$630,000 - $670,000","12 Jessfield Terrace, Cranbourne East",House,4,2,1,,,Shan Dias,26-50 of 574 properties
"$535,000 - $580,000","16 Sutherland Way, Drouin",House,3,2,2,,,Jo Cappola,26-50 of 574 properties
,"62 Gardenia Street, Pakenham",House,3,2,2,,,Amanda Claridge,26-50 of 574 properties
"$630,000 - $693,000","3/2-4 Edinburgh Drive, Beaconsfield",House,3,2,1,,,Candice Hill,26-50 of 574 properties
"$595,000 - $630,000","12 Cherry Tree Lane, Clyde",House,3,2,2,,,Yasantha De Silva,26-50 of 574 properties
"$640,000 - $665,000","15 Unison Drive, Clyde",House,4,2,1,Inspection tomorrow 6:00 pm,,Nick Kaura,26-50 of 574 properties
"$599,000","22 Grange Crescent, Warragul",House,4,2,2,,,Stuart Brock,26-50 of 574 properties
"$640,000 - $680,000","46 Montague Avenue, Drouin",House,4,2,2,,,Sam Visca,51-75 of 574 properties
,"12 Carisbrooke Way, Clyde North",House,4,2,2,,,Sam Singh,51-75 of 574 properties
"$550,000 - $605,000","5 Malcolm Crt, Pakenham",House,3,2,2,,,Amanda Claridge,51-75 of 574 properties
"$650,000 - $670,000","12-14 Parsons Street, Warragul",House,3,2,2,,,Stuart Sheppard,51-75 of 574 properties
"$575,000 - $630,000","49 Viridian Avenue, Officer",House,3,2,1,,,Brad Townsend,51-75 of 574 properties
"$640,000 - $700,000","21 Bundy Court, Frankston North",House,4,2,3,,,Cameron McCullough,51-75 of 574 properties
"$600,000 - $660,000","6 Pennine Circuit, Officer",House,3,2,2,,,Gavin Staindl,51-75 of 574 properties
"$ 600,000 to $ 650,000","14 Bradley Court, Hampton Park",House,3,2,2,,,Rohullah Naim,51-75 of 574 properties
,"11 CRADLE AVENUE, Clyde",House,3,2,2,,,Disha Sachdeva,51-75 of 574 properties
"$570,000 - $600,000","38 Ayesha Rise, Pakenham",House,3,2,3,,,Najeeb Olomi,51-75 of 574 properties
"$600,000 - $660,000","18 Discovery Street, Pakenham",House,3,2,2,,,Gavin Staindl,51-75 of 574 properties
,"57 Fallingwater Drive, Pakenham",House,3,2,2,,,Cooper Sheppard,51-75 of 574 properties
"$539,000 - $559,000","1 Orchard Court, Drouin",House,3,2,2,,,Natalie Hodge,51-75 of 574 properties
"$620,000-$680,000","88 Police Road, Springvale",House,3,2,2,,,Chris Zhang,51-75 of 574 properties
"$599,000-$658,000! Must Inspect!","20 Pamplona Way, Clyde North",House,3,2,1,,,Aseem Jhanji,51-75 of 574 properties
"$640,000 - $699,000  - BRAND NEW + $10,000 FHBG","5 Valberg Way, Pakenham",House,4,2,1,,,Vitaldi Cooray,51-75 of 574 properties
"$580,000 - $638,000","22 Tassell Drive, Warragul",House,4,3,2,,,Tahnee Morgan,51-75 of 574 properties
"$600,000 - $660,000","27 Bollen Way, Koo Wee Rup",House,3,2,2,,,Amanda Claridge,51-75 of 574 properties
"$599,000 - $658,000","380 Rix Road, Beaconsfield",House,3,3,2,,,Sherman Buca-Salvador,51-75 of 574 properties
"$640,000 - $704,000","24 Wilkiea Crescent, Cranbourne North",House,4,2,2,Inspection Wed 18 Dec 6:00 pm,,Habib Sultani,76-100 of 574 properties
"$620,000-$660,000","31 Salvia Avenue, Pakenham",House,4,2,2,,,Daniel Exposito,76-100 of 574 properties
,"8 Featherflower Way, Officer",House,3,2,2,,,Sam Noorbakhsh,76-100 of 574 properties
"$580,000 - $638,000","2 Chaucer Way, Drouin",House,4,2,2,,,Candice Hill,76-100 of 574 properties
"NEW LOTS FROM $361,900!!!","164 Army Road, Pakenham",Other,3,2,2,,,Metin Aziret,76-100 of 574 properties
"$640,000 - $700,000","27 McEwan Drive, Cranbourne East",House,3,2,2,,,Sorush Nazari,76-100 of 574 properties
"$650,000 - $699,000","30 Meadows Drive, Officer",House,3,2,1,,,Liza Hickey,76-100 of 574 properties
"$595,000 - $645,000","82 Cook Street, Drouin",House,4,2,2,,,Elise Davidson,76-100 of 574 properties
"$590,000 - $639,000","35 Edgar Avenue, Cranbourne South",House,3,2,1,,,Aarryn Cooper,76-100 of 574 properties
"$625,000 to $687,500","21A Tarata Drive, Doveton",House,4,2,2,,,Daniel Farrugia,76-100 of 574 properties
"$650,000 - $715,000","2 Trewin Court, Narre Warren",House,4,2,2,,,Kylah Fruend,76-100 of 574 properties
"$650,000 $715,000","44 Walker Drive, Drouin",House,4,2,2,,,Jason Dowler,76-100 of 574 properties
"$640,000 - $685,000","113 Billy Buttons Drive, Narre Warren",House,3,2,2,,,Vincent Lim,76-100 of 574 properties
"$540,000 - $590,000","2/47 Upton Crescent, Narre Warren",House,3,2,2,,,Kylah Fruend,76-100 of 574 properties
"$567,094","Lot 4905 Willey Road, Clyde North",House,3,2,1,,,Alex Noulas,76-100 of 574 properties
"$599,000 - $658,000 AUCTION THIS SATURDAY @ 4:30PM","29 Tamarind Road, Cranbourne North",House,4,2,1,,,Param Jandawar,76-100 of 574 properties
,"11 Emanda Lane, Clyde North",House,3,2,2,,,Dilshan Wijerathna,76-100 of 574 properties
"$649,000 - $699,000","22 Ironstone Street, Cranbourne East",House,4,2,2,,,Karan Singh,76-100 of 574 properties
"$550,000 - $590,000","116 Henry Street, Pakenham",House,3,2,2,,,Gavin Staindl,76-100 of 574 properties
"$600,000 - $660,000","9 Hillgrove Close, Warragul",House,4,2,2,,,Brad Townsend,76-100 of 574 properties
$650K - $700K! NEW & FULLY UPGRADED,"17 Amadeus Street, Clyde",House,4,2,2,,,Vas Selvaraj,76-100 of 574 properties
"$590,000 - $649,000","4 Grevillea Street, Doveton",House,3,2,1,,,Mohammad Shafai,76-100 of 574 properties
"$619,000 - $669,000","51 Benoit Circuit, Clyde North",House,3,2,1,,,Raj Kumar,76-100 of 574 properties
"$480,000 - $520,000","15/1 Eades Street, Officer",House,3,2,1,,,Liza Hickey,101-125 of 574 properties
"$560,000 - $615,000","3 John Street, Koo Wee Rup",House,3,2,2,,,Mark Sewell,101-125 of 574 properties
"$600,000 - $660,000","30 Kooyong Close, Officer",House,3,2,2,,,Gavin Staindl,101-125 of 574 properties
,"6 Masterton Place, Cranbourne East",House,3,2,4,Inspection Tue 17 Dec 6:00 pm,,Leon D'Penha,101-125 of 574 properties
"$600,000 - $660,000","5 Palladium Boulevard, Drouin",House,4,2,2,,,Matt Smith,101-125 of 574 properties
"$640,000 - $680,000","35 Macquarie Circuit, Pakenham",House,4,2,2,Inspection Tue 17 Dec 3:45 pm,,Peter Diamantakis,101-125 of 574 properties
"$599,900 - FULL TURNKEY INCLUSIONS","Lot 213 Creek Circuit, Pakenham",House,4,2,2,,,Jon Terolli,101-125 of 574 properties
"$600,000 - $660,000","26 Bollen Way, Koo Wee Rup",House,3,2,2,Inspection Wed 18 Dec 6:30 pm,,Stephen Marsh,101-125 of 574 properties
"$650,000 - $715,000","23 Bollen Way, Koo Wee Rup",House,4,2,3,,,Mark Sewell,101-125 of 574 properties
"$650,000 - $715,000","9 Leonard Court, Pakenham",House,4,2,2,,,Peter Blackwood,101-125 of 574 properties
"$620,000 - $680,000","11 Austen Avenue, Officer",House,3,2,1,,,Liza Hickey,101-125 of 574 properties
"$640,000-$680,000 Forthcoming Auction","65 Rosslyn Avenue, Seaford",House,3,2,2,,,Daniel Keleher,101-125 of 574 properties
"$520,000 to $572,000","10 Balladonia Gum Circuit, Lyndhurst",House,4,2,2,,,Khaled Arabzadeh,101-125 of 574 properties
"$645,000 - $695,000","18 Caspian Chase, Pakenham",House,4,2,2,,,Andrew Carlow,101-125 of 574 properties
"$599,000 - $639,000","79 Eagle Drive, Pakenham",House,3,2,2,,,Sam Visca,101-125 of 574 properties
"$650,000 - $695,000","44a John Street, Pakenham",House,3,2,2,,,Damien St Louis,101-125 of 574 properties
"$580,000 to $ 620,000","4 Marquis Court, Pakenham",House,3,2,4,,,Tadesse Jarra Berisso,101-125 of 574 properties
"$620,000 - $660,000","4A Ti-Tree Drive, Doveton",House,3,2,4,,,Dez Mujcic,101-125 of 574 properties
"$650,000 to $695,000","14 Tekarra Drive, Hampton Park",House,3,2,2,,,Khaled Arabzadeh,101-125 of 574 properties
"$650,000 - $695,000","21 Victoria Place, Pakenham",House,4,2,2,,,Matt Clark,101-125 of 574 properties
"$520,000 - $572,000","1 Arnica Close, Hampton Park",House,3,2,2,,,Javid Zada,101-125 of 574 properties
"$649,000","21 Golden Avenue, Warragul",House,4,2,2,,,Geoff Quirk,101-125 of 574 properties
"$620,000 - $660,000","8  Birch Court, Warragul",House,4,2,2,,,Clare Rocke,101-125 of 574 properties
"$630,000-$693,000 - Corner Block.","5 Valley Road, Frankston",House,3,2,2,,,Luke Magree,101-125 of 574 properties
"$600,000 - $660,000","29A Scotsburn Way, Endeavour Hills",House,3,2,1,Inspection Tue 17 Dec 5:30 pm,,Rohin Arora,101-125 of 574 properties
"$650,000 - $715,000","8 Hopkins Street, Clyde",House,4,2,2,,,Isha Dhillon,126-150 of 574 properties
"$630,000 to $650,000","40 Pepper Crescent, Drouin",House,4,2,2,,,Stuart Brock,126-150 of 574 properties
"$595,000 - $635,000","42 Sienna Way, Pakenham",House,3,2,2,,,Andrew Carlow,126-150 of 574 properties
"$580,000 - $620,000","8 Brodie Mews, Beaconsfield",House,3,2,1,Inspection tomorrow 5:00 pm,,Lily Young,126-150 of 574 properties
"$565,000 - $620,000 - BY APPOINTMENT ONLY","6 Angus Court, Pakenham",House,3,2,1,,,Stacey Woodfield,126-150 of 574 properties
"$590,000 - $640,000","6 Weir Terrace, Officer",House,4,2,1,,,Gavin Staindl,126-150 of 574 properties
,"17 Botham Crescent, Pakenham",House,4,2,2,,,Pardeep Singh,126-150 of 574 properties
"$640,000 - $670,000","21 Boyd Avenue, Warragul",House,4,2,2,,,Stephanie Nash,126-150 of 574 properties
"$630,000 - $680,000","53 Valencia Circuit, Cranbourne",House,3,2,2,,,Darren Saxon,126-150 of 574 properties
"$620,000 - $680,000","3 Farmdale Road, Pakenham",House,4,2,2,,,Daniel Boyle,126-150 of 574 properties
"$640,000 - $680,000","22 Bronnie Street, Clyde North",House,4,2,2,,,Ben Duke,126-150 of 574 properties
"$640,000 - $680,000","12 Pirita Place, Cranbourne West",House,4,2,2,,,Ben Doughton,126-150 of 574 properties
,"14 Honeybrook Lane, Clyde",House,3,2,2,,,Dilshan Wijerathna,126-150 of 574 properties
"$620,000 - $660,000","15 Laburnum Grove, Doveton",House,3,2,2,Inspection Wed 18 Dec 5:00 pm,,Fatima Rezai,126-150 of 574 properties
"$630,000 - $693,000","6 Magenta Street, Clyde North",House,4,2,2,,,Tony Muaremov,126-150 of 574 properties
"$580,000 - $620,000","10 Maidenhair Drive, Warragul",House,4,2,2,,,Dave Clark,126-150 of 574 properties
"$600,000 - $660,000","3 Wicket Road, Clyde",House,3,2,2,,,Jonathan Mallas,126-150 of 574 properties
"$650,000 - $710,000","12/290 Centre Road, Narre Warren South",House,3,2,2,Inspection Wed 18 Dec 5:30 pm,,Joanne O'Connor,126-150 of 574 properties
"$630,000 - $690,000","2 Viewside Way, Hampton Park",House,3,2,2,Inspection tomorrow 9:30 am,,Nalaka Weerakoon,126-150 of 574 properties
"$650,000 = $700,000 AUCTION (UNLESS SOLD PRIOR)","58 Villager Street, Cranbourne East",House,4,2,4,,,Myles Johansson,126-150 of 574 properties
"$650,000 - $715,000","8 Azure Court, Pakenham",House,3,2,2,,,Tain Bartholomew,126-150 of 574 properties
"$620,000 - $680,000","12 Clarendon Street, Pakenham",House,3,2,2,,,Fabian Villella,126-150 of 574 properties
"$585,000 - $630,000","2 Harlesden Circuit, Pakenham",House,3,2,2,,,Troy Farrell,126-150 of 574 properties
"$570,000 - $620,000","35 Sandy Road, Officer",House,3,2,2,,,Terri Fellows,151-175 of 574 properties
"$550,000 - $600,000","3 Aileron Alley, Cranbourne North",House,3,2,2,,,Marsh Schwallie,151-175 of 574 properties
"$570,000 - $625,000","3 Zeppelin Way, Beaconsfield",House,3,2,1,,,Michael Panayi,151-175 of 574 properties
$620K - $650K! Plans and Permits 3 Townhouses,"14 Roma Avenue, Cranbourne",House,3,2,5,,,Vas Selvaraj,151-175 of 574 properties
"$599,000 - $658,900","4 Cercis Court, Doveton",House,3,2,1,,,Habib Sultani,151-175 of 574 properties
"$579,000","1/5 Karrala Court, Drouin",House,3,2,3,,,Clare Rocke,151-175 of 574 properties
"$600,000-$650,000","20 Western Barred Place, Longwarry",House,4,2,2,,,Shane Candappa,151-175 of 574 properties
"$600,300","Lot 42 Granite Court (Nelson Village Estate), Cranbourne East",House,3,2,2,,,Jerome Duchenne,151-175 of 574 properties
$610K-$660K! Guest Bed Downstairs! Meridian,"16 Portobello Boulevard, Clyde North",House,4,3,2,,,Aseem Jhanji,151-175 of 574 properties
"$580,000 - $620,000","119 Willow Glen Boulevard, Cranbourne",House,3,2,2,,,Sushant Gupta,151-175 of 574 properties
"$649,000 - $675,000","2 Catees Street, Clyde North",House,3,2,2,Inspection Tue 17 Dec 5:00 pm,,Nandana Peiris,151-175 of 574 properties
"$550,000 - $570,000","41 Proctor Road, Longwarry",House,3,2,2,,,Karen McCormick,151-175 of 574 properties
"$625,000 to $675,000","1 Lemon Thyme Way, Lynbrook",House,3,2,1,,,James Fernando,151-175 of 574 properties
"$580,000 - $620,000","23 Pendula Place, Pakenham",House,3,2,2,,,Sam Paynter,151-175 of 574 properties
"$560,000-$616,000","21 Mortdale Lane, Clyde North",House,3,2,2,,,Kartik Sangani,151-175 of 574 properties
"$625,000-$650,000","37 Emberwood Road, Warragul",House,4,2,2,,,Kim Durrand,151-175 of 574 properties
,"15 Cabernet Way, Pakenham",House,3,2,2,,,Vicky Singh,151-175 of 574 properties
"$650,000 - $715,000","26 Maddock Drive, Cranbourne East",House,3,2,2,,,Mina Saad,151-175 of 574 properties
"$535,000 - $579,500","14A Henry Street, Koo Wee Rup",House,3,2,2,,,Paul Ringeri,151-175 of 574 properties
"$589,000-$647,000( Must Sell at Auction)","5 Charlotte Place, Cranbourne West",House,4,2,2,,,Sanjay Singh,151-175 of 574 properties
,"162 Monahans Road, Cranbourne",House,3,2,5,,,Navii Sarai,151-175 of 574 properties
"$640,000-$690,000-East Facing!","59 Patrobas Loop, Cranbourne East",House,3,2,2,,,Manpreet Khangura,151-175 of 574 properties
"$590,000","3/15 Mill Street, Pakenham",House,3,2,2,,,Rachael Woodham,151-175 of 574 properties
"$620,000 - $680,000","12 Frances Court, Cranbourne",House,3,2,2,,,Leon Zuidema,151-175 of 574 properties
"$675,000 - $740,000","9 Jefferson Avenue, Cranbourne North",House,4,2,2,,,Manu Sandhu,176-200 of 574 properties
"$649,000","6 Blue Gum Drive, Warragul",House,3,2,2,,,Geoff Quirk,176-200 of 574 properties
"$650,000 - $715,000","29 Pitfield Avenue, Cranbourne East",House,4,2,2,,,Jonathan Walker,176-200 of 574 properties
$650000,"1/12 Shaftesbury Street, Frankston",House,3,2,2,,,Terry Wheeler,176-200 of 574 properties
"$590,000 - $640,000","10 Clifford Drive, Drouin",House,3,2,2,,,Braeden Robbins,176-200 of 574 properties
"$650,000","29 Sinclair Street, Warragul",House,3,2,4,,,Peter Heathcote,176-200 of 574 properties
"$579,000 - $629,000","27 Bourbon Road, Cranbourne East",House,4,2,2,Inspection Thu 19 Dec 5:30 pm,,Andy Choi,176-200 of 574 properties
"$620,000 - $675,000","25 TREFELLA RISE, Drouin",House,4,2,3,,,Aman Singh,176-200 of 574 properties
"$490,000-$510,000(MUST SELL!!!)","26 Ollie Place, Cranbourne East",House,3,2,1,,,Sanjay Singh,176-200 of 574 properties
$540 000 - $580 000,"14 Western Barred Place, Longwarry",House,3,2,2,,,Brad Boyde,176-200 of 574 properties
"$570,000 to $627,000 MUST SELL","18 Cumberland Chase, Hampton Park",House,3,2,2,,,Ni Ma,176-200 of 574 properties
"$620,000 - $680,000","130a Duncan Drive, Pakenham",House,4,2,2,,,Alistair Boyle,176-200 of 574 properties
$640 000 - $680 000,"15 Skipton Street, Drouin",House,4,2,3,,,Brad Boyde,176-200 of 574 properties
"$640,000 - $680,000","23A Ti-Tree Drive, Doveton",House,3,2,1,,,Habib Sultani,176-200 of 574 properties
"$650,000 - $690,000 - LUXURY HOME","3 Amadeus Street, Clyde",House,4,2,2,,,Shan Dias,176-200 of 574 properties
"$580,000 - $600,000","106 North Road, Warragul",House,4,2,1,,,Sarah Francis,176-200 of 574 properties
,"5A Greenland Drive, Drouin",House,6,3,8,,,John Edwards,176-200 of 574 properties
"$385,000 - $420,000","1/19 Jamieson Street, Warragul",House,3,2,1,,,Kaye Dixon,176-200 of 574 properties
"$640,000-$690,000","9 McGavin Way, Cranbourne",House,3,2,2,,,Danny O'Brien,176-200 of 574 properties
"$640,000 - $670,000","7 Chive Walk, Narre Warren South",House,3,2,2,,,Naval Aulakh,176-200 of 574 properties
"$619,000 - $649,000 BRAND NEW!","5 Tines Way, Clyde North",House,3,2,1,,,Sri Muthukumar,176-200 of 574 properties
"$565,000 - $585,000","15 Williamson Street, Drouin",House,3,2,2,,,Grant Johnson,176-200 of 574 properties
"$ 640,000 to $ 670,000","8 Kate Avenue, Hampton Park",House,3,2,2,,,Rohullah Naim,176-200 of 574 properties
"$635,000 - $665,000","1 Paramount Way, Pakenham",House,3,2,2,,,Team Anita & Harpreet,176-200 of 574 properties
$585 000 - $625 000,"54B Manikato Drive, Drouin",House,3,2,2,,,Brad Boyde,176-200 of 574 properties
,"245 Saint Germain Boulevard, Clyde North",House,4,2,2,,,Chris Zhang,201-225 of 574 properties
$600K-$660K! Guest Bed Downstairs!,"4 Stonethwaite Lane, Clyde North",House,4,3,2,,,Aseem Jhanji,201-225 of 574 properties
"$580,000 - $635,000","16 Tassell Drive, Warragul",House,4,2,2,,,Vince Di Grazia,201-225 of 574 properties
,"14 Langley Way, Pakenham",House,3,2,2,,,Amanda Claridge,201-225 of 574 properties
"$610,000 - $630,000","42 Summerhill Boulevard, Drouin",House,4,2,2,,,Shane Candappa,201-225 of 574 properties
"$630,000 - $670,000","286 Golf Links Road, Narre Warren",House,3,2,2,,,Javid Zada,201-225 of 574 properties
"$600,000 - $640,000","109 McNeilly Road, Drouin",House,4,2,2,,,Dave Clark,201-225 of 574 properties
"$625,000 - $675,000","27 Rathberry Circuit, Clyde North",House,3,2,2,,,Shan Dias,201-225 of 574 properties
"$600,000 - $640,000","16 Rivendale Crescent, Drouin",House,3,2,2,,,Jo Cappola,201-225 of 574 properties
"$480,000 - $525,000(Negotiable)","2/24 Mckindlay Street, Drouin",House,3,2,2,,,Vikram Dhankhar,201-225 of 574 properties
"$629,000","10 Karrala Court, Drouin",House,4,2,2,,,Anthony Rabl,201-225 of 574 properties
"$600,000 - $660,000 unless sold prior","38 Clarendon Street, Pakenham",House,3,2,2,,,Calvin Davis,201-225 of 574 properties
"$560,000 - $600,000","40 Dawson Drive, Warragul",House,4,2,2,,,Zac Jeric,201-225 of 574 properties
"$649,000","5 Summerhill Boulevard, Drouin",House,3,2,2,,,Dave Clark,201-225 of 574 properties
"$639,000-$699,000","296 Casey Fields Boulevard, Cranbourne East",House,3,2,2,,,Hardeep Singh,201-225 of 574 properties
"$650,000 - $715,000","22 Bales Road, Cranbourne East",House,4,2,2,,,Jonathan Walker,201-225 of 574 properties
"$620,000 - $650,000","7 Dalziell Crescent, Cranbourne North",House,3,2,2,,,Palitha Fernando,201-225 of 574 properties
"$610,000 - $660,000","12 Cumberland Drive, Pakenham",House,3,2,2,,,Rebecca O'Brien,201-225 of 574 properties
"$595,000","8 Richie Court, Drouin",House,3,2,2,,,Libby Talbot,201-225 of 574 properties
,"3 Grand Central Boulevard, Pakenham",House,3,2,2,,,Brad Townsend,201-225 of 574 properties
"$599,000 - $635,000","43 Odeon Avenue, Clyde North",House,3,2,2,,,Sen Sathyajith,201-225 of 574 properties
"$630,000 to $675,000","4 Bethune Drive, Hampton Park",House,3,2,2,,,Khaled Arabzadeh,201-225 of 574 properties
,"5 Tadpole Lane, Clyde North",House,4,2,1,,,Dilshan Wijerathna,201-225 of 574 properties
$620K-$660K! Park Facing!,"5 Thornell Street, Clyde North",House,3,2,1,,,Aseem Jhanji,201-225 of 574 properties
"$595,000-$655,000","20 Pembrokeshire Loop, Clyde",House,3,2,2,,,Gill Harkirat,201-225 of 574 properties
"$590,000 to $640,000","18 Saddleback Road, Botanic Ridge",House,4,2,2,,,Jason Stirling,226-250 of 574 properties
"$550,000 - $605,000","21 Flaxlilly Crescent, Officer",House,4,2,1,,,Arif Akhlaqi,226-250 of 574 properties
"$595,000 - $645,000","12 Todd Lane, Pakenham",House,4,2,2,,,Hunny Sharma,226-250 of 574 properties
"$602,000 - $662,000","32 Borthwick Parade, Clyde North",House,3,2,1,,,Nav Sarkaria,226-250 of 574 properties
"$570,000 - $605,000","132 Willandra Circuit, Warragul",House,4,2,2,,,Joshua Jarred,226-250 of 574 properties
"$559,000 - $599,000 Must Sell this Week!","6 Rockford Street, Pakenham",House,3,2,2,,,Mehdi Fayazi,226-250 of 574 properties
"$549,000 - $579,000","29 Rangeview Street, Warragul",House,4,3,4,,,Carmen Christie,226-250 of 574 properties
"$650,000 - $699,950","45b Hillview Drive, Carrum Downs",House,4,4,2,,,Shane Donovan,226-250 of 574 properties
"$600,000 to $655,000","31 Trefella Rise, Drouin",House,4,2,2,,,Michael Asche,226-250 of 574 properties
"$620,000 - $670,000 - Brand New + $10,000 FHBG","46 Hedgevale Drive, Officer",House,3,2,1,,,Shan Dias,226-250 of 574 properties
"$630,000 to $680,000","214 Monahans Road, Cranbourne",House,3,2,6,,,Keenan Kleynhans,226-250 of 574 properties
"$650,000 - $700,000","5 Hakea Court, Drouin",House,3,2,2,,,Bianca Giles,226-250 of 574 properties
"$605,000 - $665,000","5A Templer Avenue, Hampton Park",House,3,2,2,,,Michael Panayi,226-250 of 574 properties
"$620,000 to $682,000","11 Justin Circuit, Hampton Park",House,3,2,2,,,Khaled Arabzadeh,226-250 of 574 properties
"$625,000","1 Oddy Street, Drouin",House,3,2,2,,,Stephanie Nash,226-250 of 574 properties
,"10 Ashton Place, Pakenham",House,3,2,3,,,Belinda Ragoni,226-250 of 574 properties
"$600,000 - $660,000","18 Old Trafford Way, Officer",House,3,2,2,,,Gavin Staindl,226-250 of 574 properties
$550K-$605K! No Body Corp! Meridian Central!,"8 Portobello Boulevard, Clyde North",House,3,2,1,,,Aseem Jhanji,226-250 of 574 properties
$595K-$650K! 2 Separate Living Areas!,"26 Cherry Tree Lane, Clyde",House,3,2,2,,,Aseem Jhanji,226-250 of 574 properties
"$595,000 - $650,000","6A Jacqueline Place, Pakenham",House,4,2,2,,,John Deo,226-250 of 574 properties
"$630,000 - $680,000","10 Rupert Street, Cranbourne East",House,4,2,1,,,Phillip Verma,226-250 of 574 properties
"$590,000 - $649,000","301/15 Windsor Avenue, Springvale",House,3,2,2,,,Phillip Khuon,226-250 of 574 properties
"$600,000 - $660,000","2 Jumbuck Circuit, Carrum Downs",House,3,2,2,,,Georgia Ryan,226-250 of 574 properties
$599K-$658K! Brand New! 10K FHOG!,"21 Cann Street, Clyde",House,4,2,1,,,Aseem Jhanji,226-250 of 574 properties
"$649.000 - $712,000","17 Stephellen Way, Cranbourne West",House,3,2,4,,,Vats Jaitly,226-250 of 574 properties
"$640,000 - $680,000","54 Bona Vista Rise, Clyde",House,3,2,1,,,Dilshan Wijerathna,251-275 of 574 properties
,"41 Cook Street, Drouin",House,3,2,1,,,Brad Boyde,251-275 of 574 properties
"$560,000 to $590,000 - Priced to Sell !!!","16 Kosciuszko Circuit, Clyde",House,3,2,1,,,James Fernando,251-275 of 574 properties
"$600,000 - $660,000","16 Eacott Street, Longwarry",House,4,2,2,,,Marcus Washington,251-275 of 574 properties
"$645,000 - $665,000","30 McLean Street, Drouin",House,3,2,3,,,Elise Davidson,251-275 of 574 properties
"$650,000 - $695,000 - STUNNING HOME!","11 Walhallow Drive, Clyde North",House,4,2,1,,,Shan Dias,251-275 of 574 properties
"$630,000 - $690,000","31 Authentic Avenue, Cranbourne South",House,3,2,2,,,Maddie Harris,251-275 of 574 properties
"$650,000 - $695,000","13 Balook Court, Cranbourne North",House,3,2,2,,,Peter Khamis,251-275 of 574 properties
"$550,000 to $600,000","3 Bertram Street, Drouin",House,3,2,3,,,Jeffrey George,251-275 of 574 properties
"$580,000-$620,000","7 Tatterson Court, Warragul",House,4,2,2,,,Kim Durrand,251-275 of 574 properties
"$600,000 - $620,000","16 Ellen Close, Warragul",House,3,2,2,,,Daniel Sheehan,251-275 of 574 properties
"$600,000 - $630,000","91 Golden Grove Drive, Narre Warren South",House,3,2,2,,,Chaminda Gunasekara,251-275 of 574 properties
"$640,000 - $660,000","4 Denistoun Crescent, Cranbourne",House,3,2,2,,,Mel Worthington,251-275 of 574 properties
"$635,000 - $665,000","16 Longwarry Road, Drouin",House,4,2,2,,,Vince Di Grazia,251-275 of 574 properties
"$625,000 - $645,000","13 Stanhope Place, Pakenham",House,4,2,2,,,Amanda Charles,251-275 of 574 properties
$590K-$630K! Guest Bed Downstairs!,"22 Portobello Boulevard, Clyde North",House,4,3,2,,,Aseem Jhanji,251-275 of 574 properties
"$600,000-$650,000","66 Sutton Street, Warragul",House,3,2,2,,,Kim Durrand,251-275 of 574 properties
"$575,000 - $599,000 | NO BODY CORPORATE FEES!","10 Tolpis Lane, Cranbourne North",House,3,2,2,,,Shami Hamdam,251-275 of 574 properties
"$615,000 - $675,000","35 Timbertop Crescent, Drouin",House,4,2,2,,,Braeden Robbins,251-275 of 574 properties
"UNDER CONTRACT! $620,000 - $669,000","280 Rix Road, Officer",House,4,2,2,,,Milan Takkar,251-275 of 574 properties
"$650,000 - $670,000","5 Ethan Court, Pakenham",House,4,2,2,,,Jess Ostrom,251-275 of 574 properties
"$645,000 - $665,000","6 Hume Court, Warragul",House,4,2,2,,,Dave Clark,251-275 of 574 properties
"House and Land $642,860","74 Palladium Boulevard, Drouin",House,4,2,2,,,Laura Gould,251-275 of 574 properties
"$540,000 - $580,000","96 Cook Street, Drouin",House,3,2,2,,,Jess Ostrom,251-275 of 574 properties
"$600,000 - $660,000","3 Skyline Drive, Warragul",House,3,2,2,,,Maurice Oliver,251-275 of 574 properties
"$600,000 - $650,000","46 AQUATIC Drive, Cranbourne West",House,3,2,1,,,Ekansh Kohli,276-300 of 574 properties
"$620,000 to $649,000","5 Henley Avenue, Warragul",House,3,2,2,,,Phil Gallagher,276-300 of 574 properties
"$640,000 - $690,000","35 Huntington Drive, Hampton Park",House,3,2,2,,,Aren Aliu,276-300 of 574 properties
$620 000 - $660 000,"8 Sunline Street, Drouin",House,4,2,2,,,Brad Boyde,276-300 of 574 properties
"$620,000 - $670,000","23 Optima Street, Officer",House,3,2,2,,,Liza Hickey,276-300 of 574 properties
"OFFERS INVITED $620,000 - $680,000","15 Pryor Street, Officer",House,4,2,2,,,Harvey Nhan,276-300 of 574 properties
"UNDER CONTRACT $620,000 - $680,000","29 Salvia Avenue, Pakenham",House,4,2,2,,,Marcus Washington,276-300 of 574 properties
"$650,000 - $695,000","19 Rilana Road, Clyde North",House,4,2,2,,,Shan Dias,276-300 of 574 properties
,"10 Langley Way, Pakenham",House,3,2,2,,,Amanda Claridge,276-300 of 574 properties
"$550,000 - $605,000","46 Pyrenees Road, Clyde",House,3,2,2,,,Tim Dixon,276-300 of 574 properties
"$595,000 - $650,000","50 Willandra Circuit, Warragul",House,3,2,2,,,Bailey Harrison,276-300 of 574 properties
"$600,000 - $660,000","61 The Parkway, Pakenham",House,3,2,2,,,John Deo,276-300 of 574 properties
"$600,000 - $660,000","15 Rockford Street, Pakenham",House,4,2,2,,,Susan Tse,276-300 of 574 properties
"$645,000 - $685,000","13 Hellenic Court, Carrum Downs",House,3,2,4,,,Karen Finch,276-300 of 574 properties
"$550,000 - $605,000","11 Nicholas Court, Pakenham",House,3,2,2,,,Liza Hickey,276-300 of 574 properties
"$570,000 - $620,000","16 Nash Road, Bunyip",House,3,2,2,,,Derrick Brown,276-300 of 574 properties
"$630,000 - $660,000","12 Tracie Court, Drouin",House,4,2,2,,,Peter Powell,276-300 of 574 properties
$539K - $592K Must Sell!,"5 Nebo Way, Clyde",House,3,2,1,,,Dilshan Wijerathna,276-300 of 574 properties
"Buy Now! $650,000 - $700,000","7 Hillside Avenue, Dandenong North",House,4,2,3,,,Alan Tran,276-300 of 574 properties
"$650,000 - $700,000 Brand New","30 Ryder Street, Cranbourne",House,4,2,2,,,Arif Akhlaqi,276-300 of 574 properties
"$590,000 - $649,000","34 Miller Cl, Drouin",House,3,2,4,,,Tahnee Morgan,276-300 of 574 properties
"$620,000 - $640,000 (No Body Corp)","1/327 Cranbourne-Frankston Road, Langwarrin",House,3,2,2,,,Sam Khurana,276-300 of 574 properties
"$620,000 - $650,000","11 Timberside Avenue, Warragul",House,4,2,2,,,Jason Lee,276-300 of 574 properties
"$600,000 - $660,000","5 Vita Place, Officer",House,4,2,2,,,Amanda Claridge,276-300 of 574 properties
"$649,000 - $729,000","100 Athenaeum Avenue, Clyde North",House,3,2,2,,,Mohan Singh,276-300 of 574 properties
"New Price $595,000 - $649,000","14 Burchill Avenue, Cranbourne East",House,3,2,2,,,Noah Rezaie,301-325 of 574 properties
"$649,000 - $699,000","14 Hillside Avenue, Dandenong North",House,4,2,4,,,Leo Widjaja,301-325 of 574 properties
"$620,000 - $675,000","10 Kaprun Way, Pakenham",House,4,2,3,,,Ed Rafter,301-325 of 574 properties
"$600,000 - $660,000","66 Brandy Creek Road, Warragul",House,3,2,2,,,Brendan Wetherall,301-325 of 574 properties
"$650,000 - $700,000 - Must Inspect!","26 Fernisky Drive, Cranbourne East",House,3,2,2,,,Kay Bains,301-325 of 574 properties
"$650,000 - $680,000","19 Sunnybrook Avenue, Warragul",House,4,2,2,,,Zac Jeric,301-325 of 574 properties
"$610,000 - $665,000","6 Zeppelin Way, Beaconsfield",House,3,2,2,,,Brad Spencer,301-325 of 574 properties
,"5 Ballad Street, Clyde",House,4,2,2,,,Hardeep Singh,301-325 of 574 properties
"$580,000 to $630,000","6 Arlington Avenue, Pakenham",House,3,2,1,,,Rachael Woodham,301-325 of 574 properties
"$620,000 - $680,000","3 Flourish Walk, Botanic Ridge",House,3,2,2,,,Jamie O'Halloran,301-325 of 574 properties
"Price guide $620,000 to $640,000","2 Raydale Avenue, Narre Warren South",House,3,2,2,,,Lei Asuncion,301-325 of 574 properties
"$640,000 - $680,000","7 Boyd Avenue, Warragul",House,4,2,2,,,Jason Lee,301-325 of 574 properties
"$499,000 - $548,900","40  Armidale Drive, Pakenham",House,3,2,2,,,Steve Harrison,301-325 of 574 properties
"$590,000 - $649,000","13 Fieldstone Avenue, Warragul",House,3,2,2,,,Melissa Ahearn,301-325 of 574 properties
"$580,000 - $638,000","14 Westminster Court, Hampton Park",House,3,2,2,,,Shabana Rexhepi,301-325 of 574 properties
"$550,000 - $590,000","33 Boronia Avenue, Cranbourne",House,3,2,2,,,Matt Dewan,301-325 of 574 properties
"$620,000 - $660,000","93 Strathlea Drive, Cranbourne West",House,3,2,2,,,Akshay Chawla,301-325 of 574 properties
"$580,000 - $638,000","13 Fleuve Rise, Clyde North",House,3,2,1,,,Andrew Nguyen,301-325 of 574 properties
"$650,000-$715,000","4 Kosta Boda Boulevard, Pakenham",House,5,2,2,,,Phillip Khuon,301-325 of 574 properties
,"67 Havana Pde, Pakenham",House,3,2,3,Inspection Sat 11 Jan 10:20 am,,Robert Johnson,301-325 of 574 properties
,"90 Plymouth Boulevard, Clyde North",House,3,2,2,,,Dilshan Wijerathna,301-325 of 574 properties
"$625,000 - $687,500","16 Jacqueline Place, Pakenham",House,3,2,2,,,Paul Organtzidis,301-325 of 574 properties
,"39A Callander Road, Noble Park",Duplex/Semi-detached,4,2,2,,,Theresa Huynh,301-325 of 574 properties
,"94A Player Drive, Narre Warren",House,3,2,2,,,Paul Organtzidis,301-325 of 574 properties
"Price Range: $640,000 - $660,000","108 Victoria Street, Warragul",House,4,2,2,,,Nicole Morris,301-325 of 574 properties
"$630,000 - $690,000 (MUST SELL)","13 Carey Crescent, Pakenham",House,3,2,2,,,Aaron Westney,326-350 of 574 properties
"$ 635,000 - $ 698,500","17 Ethan Terrace, Cranbourne East",House,4,2,2,,,Sam Singh,326-350 of 574 properties
"$618,000-$668,000","12 Claire Close, Pakenham",House,4,2,1,,,Linda Hendrie,326-350 of 574 properties
"$608,000 - $668,000 - ONLY 2 YEARS OLD!","10 Gecko Crescent, Clyde North",House,3,2,1,,,Rowan Reddy,326-350 of 574 properties
"$495,000 - $540,000","30 Merribrook Boulevard, Clyde",House,3,2,2,,,Marsh Schwallie,326-350 of 574 properties
"$600,000 - $650,000","92 Viewbright Road, Clyde North",House,3,2,2,,,Lee Qiang,326-350 of 574 properties
"$600,000 - $660,000","6 Cob Terrace, Clyde North",House,3,2,2,,,Andrew Carlow,326-350 of 574 properties
"$590,000 - $630,000","13 Tallowood Street, Doveton",House,3,2,2,,,Idriss Paykari,326-350 of 574 properties
"$650,000 - $660,000","43 Proctor Road, Longwarry",House,4,2,2,,,Miranda Pike,326-350 of 574 properties
"$620,000 - $682,000","10 Polson Way, Cranbourne West",House,4,3,4,,,Ahmed Mahmoud,326-350 of 574 properties
"$650,000 - $715,000","23 Fergus Lane, Cranbourne West",House,4,3,4,,,Ahmed Mahmoud,326-350 of 574 properties
"$335,000 TO $368,500","151/1325 Frankston-Dandenong Road, Carrum Downs",House,3,2,2,,,Mark Burke,326-350 of 574 properties
"$650,000 - $695,000","5 Tara Grove, Drouin",House,3,2,2,,,Katrina Guy,326-350 of 574 properties
"$649,000 - $699,000","23 Mountain Vista Court, Drouin",House,4,2,2,,,Braeden Robbins,326-350 of 574 properties
"$500,000 - $550,000","17 Somerset Drive, Warragul",House,3,2,2,,,Jason Lee,326-350 of 574 properties
"$620,000 - $650,000","8 Mitchell Court, Warragul",House,3,2,4,,,Daniel Sheehan,326-350 of 574 properties
,"2 Ardmore Street, Cranbourne",House,4,2,2,,,Navii Sarai,326-350 of 574 properties
"$530,000 - $550,000","11 Holland Street, Drouin",House,3,2,1,,,Nicole Lancey,326-350 of 574 properties
"$650,000 - $715,000","4 Barite Place, Frankston",House,4,2,1,,,Chris Fyfe,326-350 of 574 properties
"$600,000 - $630,000","12 Folkstone Court, Drouin",House,4,2,2,,,Mark Woods,326-350 of 574 properties
"$590,000 - $629,000 - Brand New + $10,000 FHBG","44 Hedgevale Drive, Officer",House,3,2,1,,,Vitaldi Cooray,326-350 of 574 properties
"$610,000 - $671,000","26 Minster Avenue, Warragul",House,4,2,2,,,Candice Hill,326-350 of 574 properties
"$629,000-$685,000","103 Henry Road, Pakenham",House,4,2,2,,,Shelly Brown,326-350 of 574 properties
"$650,000 - $710,000 - LUXURY HOME","8 Pesaro St, Clyde",House,4,2,2,,,Vitaldi Cooray,326-350 of 574 properties
"$580,000 - $630,000","285 Rix Road, Officer",House,3,2,2,,,Ali Azimi,326-350 of 574 properties
"Contact Agent Brand New + $10,000 FHBG","36 Dangelo Avenue, Officer",House,3,2,2,,,Yogi Patel,351-375 of 574 properties
,"24 Pygora Way, Clyde North",House,3,2,1,,,Sam Singh,351-375 of 574 properties
"$625,000 - $650,000","3/5 Henry Street, Pakenham",House,4,2,2,,,Gavin Staindl,351-375 of 574 properties
"$520,000 - $550,000","18 Mclean Street, Drouin",House,3,2,2,,,Vince Di Grazia,351-375 of 574 properties
"$590,000 - $640,000","2 Koel Court, Carrum Downs",House,3,2,1,,,Georgia Ryan,351-375 of 574 properties
,"13 Capel Street, Nar Nar Goon North",House,4,2,2,,,Eiman Khan,351-375 of 574 properties
"$560,000 - $600,000","1/4 Hearn Street, Drouin",House,3,2,1,,,Dale Atkin,351-375 of 574 properties
"$650,000 - $710,000","55 Riana Loop, Eumemmerring",House,4,2,2,,,Adam McWatters,351-375 of 574 properties
"$645,000 - $695,000","28 Regans Road, Hampton Park",House,4,3,4,,,Esmail Namdar,351-375 of 574 properties
"$650,000 - $690,000","31 Pommel Street, Pakenham",House,4,2,2,,,Callum Donders,351-375 of 574 properties
"$600,000 - $650,000","73 Falling Water Drive, Pakenham",House,3,2,2,,,Agent: Vincent Djuang,351-375 of 574 properties
"$640,000 - $660,000","27  Denistoun Crescent, Cranbourne",House,3,2,2,,,,351-375 of 574 properties
"$641,100","Lot 415 Piero Street (Bella), Clyde",House,3,2,2,,,,351-375 of 574 properties
$639000 - $690000,"14 Minster Avenue, Warragul",House,4,2,2,,,,351-375 of 574 properties
$649K H&L PACKAGE,"Lot 36  Granite Court (Nelson Village Estate), Cranbourne East",House,4,2,2,,,,351-375 of 574 properties
$541K  H&L PACKAGE,"Lot 41  Granite Court (Nelson Village Estate), Cranbourne East",House,4,2,1,,,,351-375 of 574 properties
"$574,400 TO $594,400","Lot 221 Paramount Drive, Warragul",House,4,2,2,,,,351-375 of 574 properties
"$563,700","LOT 51 BOURBON ROAD, Cranbourne East",House,4,2,1,,,,351-375 of 574 properties
"$607,700","LOT 202 SHAKEAL WAY, Clyde North",House,3,2,1,,,,351-375 of 574 properties
"$576,521","Lot 4904 Willey Road, Clyde North",House,3,2,2,,,,351-375 of 574 properties
"$487,218","Lot 240 Hillcrest Road, Drouin",House,3,2,1,,,,351-375 of 574 properties
"$649,000 Fixed & Turnkey","19 Rockdale Rd, Clyde North",House,4,2,2,,,,351-375 of 574 properties
"$650,000 - $700,000","96 Henry Street, Pakenham",House,4,2,2,,,,351-375 of 574 properties
"$650,000 No stamp Duty Q3 2025 EXPECTED COMPLETION","3 CALICHE PLACE, Cranbourne East",House,3,2,1,,,,351-375 of 574 properties
"$650,000 - $690,000","19 Tranter Square, Lynbrook",House,3,2,2,,,,351-375 of 574 properties
"$595,000","Lot 120 Cattlemans Drive (Lillifield Estate), Warragul",House,4,2,2,,,,376-400 of 574 properties
"$632,800","Lot 34 Talc Street, Cranbourne East",House,3,2,2,,,,376-400 of 574 properties
"$585,800 To $605,800","Lot 130 Nelson Street, Cranbourne East",House,4,2,1,,,,376-400 of 574 properties
"$626,120","Lot 3002 Simmental Street (Ferntree Ridge Estate), Drouin",House,4,2,2,,,,376-400 of 574 properties
"$585,270","Lot 110 Rosea Street (Lillifield Estate), Warragul",House,4,2,2,,,,376-400 of 574 properties
"$619,121","Lot 209 ROSEA ST, Warragul",House,4,2,2,,,,376-400 of 574 properties
"From $570,000","248 Vantage Rise, Warragul",House,4,2,2,,,,376-400 of 574 properties
"$622,750","LOT 232 Kookaburra Rise, Pakenham",House,4,2,2,,,,376-400 of 574 properties
"$612,750","LOT 114 Kookaburra Rise, Pakenham",House,4,2,2,,,,376-400 of 574 properties
"$582,100","LOT 1421 Talia Street, Clyde",House,4,2,2,,,,376-400 of 574 properties
"$553,000","240 Fily Street (FULL TURNKEY), Clyde North",House,3,2,1,,,,376-400 of 574 properties
"$544,200","LOT 124 Thredbo Parkway, Pakenham",House,3,2,1,,,,376-400 of 574 properties
"$542,200","LOT 44 Granite Court, Cranbourne East",House,3,2,1,,,,376-400 of 574 properties
"$647,000","LOT 31 SAFFRON ESTATE, Clyde North",House,3,2,2,,,,376-400 of 574 properties
$640K  H&L PACKAGE,"Lot 913 Forage Street (Banyan Place), Officer",House,4,2,2,,,,376-400 of 574 properties
$629K H&L PACKAGE,"Lot 204 Plantation Road (Drouin Fields Estate), Drouin",House,4,2,2,,,,376-400 of 574 properties
$620K TITLED H&L PACKAGE,"Lot 323 Jarah Crescent (Emberwood Estate), Warragul",House,4,2,2,,,,376-400 of 574 properties
$619K TITLED H&L PACKAGE,"Lot 264 Harbinger Street (Copelands Estate), Warragul",House,4,2,2,,,,376-400 of 574 properties
$594K TITLED H&L PACKAGE,"Lot 330  Carriage Drive (Parkside Estate), Warragul",House,4,2,2,,,,376-400 of 574 properties
$590K TITLED H&L PACKAGE,"Lot 706 Zinc Way (Platinum Rise Estate), Drouin",House,4,2,2,,,,376-400 of 574 properties
$576K TITLED H&L PACKAGE,"Lot 120 Cattleman's Drive, Warragul",House,4,2,2,,,,376-400 of 574 properties
$557K TITLED H&L PACKAGE,"Lot 200 Vantage Rise (Crownlea Estate), Warragul",House,4,2,2,,,,376-400 of 574 properties
"$547,100","Lot 110 Bell Heather Boulevard (Lillifield), Warragul",House,4,2,2,,,,376-400 of 574 properties
"$537,400","Lot 244 Vantage Rise (Crownlea), Warragul",House,3,2,2,,,,376-400 of 574 properties
$537K  H&L PACKAGE,"Lot 248 Hillcrest Road (Drouin Fields Estate), Drouin",House,3,2,2,,,,376-400 of 574 properties
$530K  H&L PACKAGE,"Lot 240  Hillcrest Road (Drouin Fields Estate), Drouin",House,4,2,1,,,,401-425 of 574 properties
$517K  H&L PACKAGE,"Lot 918  Forage Street (Banyan Place), Officer",House,3,2,1,,,,401-425 of 574 properties
"$625,000 Fixed Price & Full Turnkey Inclusions","Lot 918 Forage Street, Officer",House,3,2,1,,,,401-425 of 574 properties
$638K TITLED H&L PACKAGE,"Lot 28 Parkhurst Drive (Greenwich Central), Cranbourne",House,3,2,2,,,,401-425 of 574 properties
$638K TITLED H&L PACKAGE,"Lot 1609  Cactus Drive (One Bells Estate), Clyde",House,4,2,2,,,,401-425 of 574 properties
$620K TITLED H&L PACKAGE,"Lot 15  Yardi Way (Saffron Estate), Clyde",House,4,2,1,,,,401-425 of 574 properties
$567K TITLED H&L PACKAGE,"Lot 1620  Northumberland Road (Evergreen Estate), Clyde",House,4,2,1,,,,401-425 of 574 properties
"$640,900","LOT 137 SHAKEAL WAY, Clyde North",House,4,2,2,,,,401-425 of 574 properties
"$618,040","Lot 4905 Willey Road, Clyde North",House,3,2,2,,,,401-425 of 574 properties
"$594,500","21 Cultura Walk, Cranbourne West",House,4,3,2,,,,401-425 of 574 properties
"From* $643,602","Lot 1002 Karak Street, Drouin",House,3,2,2,,,,401-425 of 574 properties
"$650,000 BRAND NEW - No Body Corp","40 D'Angelo Avenue, Officer",House,3,2,1,,,,401-425 of 574 properties
"$646,600 To $664,600","Lot 235 Paramount Drive, Warragul",House,4,2,2,,,,401-425 of 574 properties
"$599,921","Lot 98 SIERRA ST, Warragul",House,4,2,2,,,,401-425 of 574 properties
"$598,962","Lot 248 Vantage Rise, Warragul",House,3,2,2,,,,401-425 of 574 properties
"$584,702","Lot 248 Trailwater Court, Warragul",House,4,2,2,,,,401-425 of 574 properties
"$558,978","Lot 4 Trailwater Court, Warragul",House,3,2,2,,,,401-425 of 574 properties
"$642,000","5  Kosciuszko Circuit, Clyde",House,4,3,2,,,,401-425 of 574 properties
"$631,287","Lot 140 Shakeal Way, Clyde North",House,3,2,2,,,,401-425 of 574 properties
"$619,615","Lot 117 Mckenzie, Clyde North",House,3,2,1,,,,401-425 of 574 properties
"$577,344","Lot 211 Cape Street, Clyde North",House,3,2,1,,,,401-425 of 574 properties
"$535,700","Lot 248 Hillcrest Street (Drouin Fields), Drouin",House,3,2,2,,,,401-425 of 574 properties
"$649,000 Fixed & Turnkey","21 Rockdale Rd, Clyde North",House,4,2,2,,,,401-425 of 574 properties
"$649,000 Fixed & Turnkey","17 Rockdale Rd, Clyde North",House,4,2,2,,,,401-425 of 574 properties
"$647,750","LOT 851 Heather Grove, Clyde North",House,4,2,2,,,,401-425 of 574 properties
"$645,600","LOT 208 SHAKEAL WAY, Clyde North",House,3,2,2,,,,426-450 of 574 properties
$645K H&L PACKAGE,"Lot 125  Monterey Way (The Rise Estate), Pakenham",House,4,2,2,,,,426-450 of 574 properties
$640K  H&L PACKAGE,"Lot 205  Plantation Road (Drouin Fields Estate), Drouin",House,4,2,2,,,,426-450 of 574 properties
$640K TITLED H&L PACKAGE,"Lot 1603  Cactus Drive (One Bells Estate), Clyde",House,4,2,2,,,,426-450 of 574 properties
"$632,100","LOT 34 TALC STREET, Cranbourne East",House,4,2,2,,,,426-450 of 574 properties
"$631,900","LOT 209 SHAKEAL WAY, Clyde North",House,4,2,2,,,,426-450 of 574 properties
$631K TITLED H&L PACKAGE,"Lot 68  Harmon Drive (Drouin Springs Estate), Drouin",House,4,2,2,,,,426-450 of 574 properties
$630K TITLED H&L PACKAGE,"Lot 515  Padua Street (Bella Estate), Clyde",House,4,2,2,,,,426-450 of 574 properties
$630K TITLED H&L PACKAGE,"Lot 1609  Watercolour Boulevard (Orana Estate), Clyde",House,4,2,2,,,,426-450 of 574 properties
$629K TITLED H&L PACKAGE,"Lot 12 Yardi Way (Saffron Estate), Clyde",House,4,2,2,,,,426-450 of 574 properties
"$627,750","LOT 1404 Aria Road, Clyde",House,4,2,2,,,,426-450 of 574 properties
"$627,750","LOT 1405 Aria Road, Clyde",House,4,2,2,,,,426-450 of 574 properties
$626K TITLED H&L PACKAGE,"Lot 109  Ventura Road (Drouin Fields Estate), Drouin",House,4,2,2,,,,426-450 of 574 properties
$625K PLUS,"LOT 2810 SMITHS LANE BARGIN 4 BED!!/ HOLD 2024 PRICES !!, Clyde North",House,4,2,2,,,,426-450 of 574 properties
$620K TITLED H&L PACKAGE,"Lot 360 Tribute Avenue (Verve Estate), Clyde",House,4,2,2,,,,426-450 of 574 properties
$620K  H&L PACKAGE,"Lot 2725  Lismac Avenue (Smiths Lane Estate), Clyde",House,4,2,2,,,,426-450 of 574 properties
"$619,000 Fixed & Turnkey","18 Rockdale Rd, Clyde North",House,3,2,2,,,,426-450 of 574 properties
"$619,000 Fixed & Turnkey","20 Rockdale Rd, Clyde North",House,3,2,2,,,,426-450 of 574 properties
$617K TITLED H&L PACKAGE,"Lot 28 Kenmore Way (Saffron Estate), Clyde",House,3,2,2,,,,426-450 of 574 properties
"$616,915","Lot 213 Rosea Street, Warragul",House,4,2,2,,,,426-450 of 574 properties
"$614,400","LOT 50 BOURBON ROAD, Cranbourne East",House,3,2,2,,,,426-450 of 574 properties
"$611,889","Lot 835 Spurge Road, Officer",House,3,2,1,,,,426-450 of 574 properties
"$607,900","LOT 24 TALC STREET, Cranbourne East",House,3,2,2,,,,426-450 of 574 properties
$604K TITLED H&L PACKAGE,"Lot 112  Rosea Street (Lilifield Estate), Warragul",House,5,2,2,,,,426-450 of 574 properties
$603K TITLED H&L PACKAGE,"Lot 235 Paramount Drive (Copelands Estate), Warragul",House,4,2,2,,,,426-450 of 574 properties
"$598,400","LOT 42 GRANITE COURT, Cranbourne East",House,4,2,2,,,,451-475 of 574 properties
"$590,400","LOT 29 TALC STREET, Cranbourne East",House,4,2,2,,,,451-475 of 574 properties
"$589,339","Lot 28 Kenmore Way, Clyde North",House,3,2,1,,,,451-475 of 574 properties
$578K TITLED H&L PACKAGE,"Lot 235  Paramount Drive (Copelands Estate), Warragul",House,4,2,2,,,,451-475 of 574 properties
$577K TITLED H&L PACKAGE,"Lot 200 Vantage Rise (Crownlea Estate), Warragul",House,4,2,2,,,,451-475 of 574 properties
"$576,932","Lot 25 Trailwater Court, Warragul",House,4,2,2,,,,451-475 of 574 properties
"$573,597","Lot 326 Kauri Street, Warragul",House,4,2,2,,,,451-475 of 574 properties
$567K H&L PACKAGE,"Lot 44  Granite Court (Nelson Village Estate), Cranbourne",House,3,2,2,,,,451-475 of 574 properties
"$559,200","LOT 212 SHAKEAL WAY, Clyde North",House,3,2,1,,,,451-475 of 574 properties
"$553,400","LOT 213 Laker Boulevard, Clyde North",House,4,2,2,,,,451-475 of 574 properties
"$553,400","LOT 212 Laker Boulevard, Clyde North",House,4,2,2,,,,451-475 of 574 properties
$650K PLUS,"LOT 1814 ORANA ESTATE  BUY NOW PAY AT 2024 PRICES !, Clyde North",House,4,2,2,,,,451-475 of 574 properties
$650K PLUS,"LOT 843 TARANTO ST /HUGE 495 SQMT LAND BUILD NOW, Clyde",House,4,2,2,,,,451-475 of 574 properties
$635K PLUS,"LOT 2915 SMITHS LANE BARGIN 4 BED!!/ HOLD 2024 PRICES !!, Clyde North",House,4,2,2,,,,451-475 of 574 properties
$635K PLUS,"LOT 2912 SMITHS LANE BARGIN 4 BED!!/ HOLD 2024 PRICES !!, Clyde North",House,4,2,2,,,,451-475 of 574 properties
$625K PLUS,"LOT 2725 SMITHS LANE BUILD NOW HOLD 2024 PRICES !!, Clyde North",House,4,2,2,,,,451-475 of 574 properties
"$460,000 - $480,000","3/23 Albert Road, Drouin",House,3,2,2,,,,451-475 of 574 properties
"$622,460","Lot 4904 Willey Road (Meridian Estate), Clyde North",House,3,2,2,,,,451-475 of 574 properties
"$622,400","Lot 262 Vantage Rise (Crownlea Estate), Warragul",House,4,2,2,,,,451-475 of 574 properties
$649K 3bed+Study Turnkey!,"4904 Willey Rd, Clyde North",House,3,2,2,,,,451-475 of 574 properties
"$643,256","Lot 110 Bell Heather Boulevard, Warragul",House,4,2,2,,,,451-475 of 574 properties
"$629,100","Lot 4904 Meridian, Clyde North",House,3,2,2,,,,451-475 of 574 properties
"$590,000 to $640,000","40 Dangelo Avenue, Officer",House,3,2,1,,,,451-475 of 574 properties
$619K 4Bed H&L,"2398 Mimosa Grange, Clyde",House,4,2,2,,,,451-475 of 574 properties
"$590,900 Full Turnkey + Ready to Build !!!","18 Northumberland Road, Clyde",House,3,2,2,,,,451-475 of 574 properties
"$600,300","Lot 45 Granite Court, Cranbourne East",House,3,2,2,,,,476-500 of 574 properties
"$640,421","Lot 115 Ventura Road, Drouin",House,3,2,2,,,,476-500 of 574 properties
"$639,100 To $659,100","Lot 131 Creek Circuit, Pakenham",House,4,2,2,,,,476-500 of 574 properties
"$607,500 To $627,500","Lot 6 Bluebell Way, Officer",House,3,2,1,,,,476-500 of 574 properties
"$600,000 House and Land Turnkey FHBG","8 Hydrangea Rd, Junction Village",House,3,2,1,,,,476-500 of 574 properties
"$591,300 To $611,300","Lot 131 Nelson Street, Cranbourne East",House,4,2,1,,,,476-500 of 574 properties
"$588,800 To $613,800","Lot 516  Songbird Way, Pakenham",House,4,2,1,,,,476-500 of 574 properties
"$587,700 To $607,700","Lot 183 Mornington Crescent, Nar Nar Goon North",House,3,2,2,,,,476-500 of 574 properties
"$582,300 To $602,300","Lot 133 Nelson Street, Cranbourne East",House,3,2,1,,,,476-500 of 574 properties
"$623,763","Lot 840/45 Rix Road, Officer",House,3,2,2,,,,476-500 of 574 properties
"Build House and Land from $589,740 Today!","326 Kauri Street, Warragul",House,4,2,2,,,,476-500 of 574 properties
"$622,318","Lot 34 Westheath Way, Clyde North",House,3,2,1,,,,476-500 of 574 properties
"$587,690","Lot 353 Tribute Avenue, Clyde North",House,3,2,1,,,,476-500 of 574 properties
"From* $548,365","Lot 4 Trailwater Court, Warragul",House,4,2,2,,,,476-500 of 574 properties
"$620,000 - $680,000","12 Wilkiea Crescent, Cranbourne North",House,3,2,2,,,,476-500 of 574 properties
"$2,388,888 - $2,627,776","10 Showers Avenue, Chelsea",House,6,4,2,,,,476-500 of 574 properties
"$643,546","Lot 407 Songbird Way, Pakenham",House,4,2,2,,,,476-500 of 574 properties
"$649,950","33 Ayredale Street, Clyde",House,4,2,2,,,,476-500 of 574 properties
"$567,552","Lot 1031 Adiantum Road, Drouin",House,4,2,2,,,,476-500 of 574 properties
"$625,600 To $645,600","Lot 110 Bell Heather Boulevard, Warragul",House,4,2,2,,,,476-500 of 574 properties
"$607,100 To $627,100","Lot 209 Rosea Street, Warragul",House,4,2,2,,,,476-500 of 574 properties
"$607,000","lot 329 Maple Grove Estate, Pakenham",House,3,2,2,,,,476-500 of 574 properties
$589k - $630k - Full turnkey Home- All inclusive!,"806 Montagna Drive, Clyde",Terrace,3,2,1,,,,476-500 of 574 properties
"$627,900 - FULL TURNKEY INCLUSIONS","Lot 908 Toad Road, Clyde North",House,3,2,1,,,,476-500 of 574 properties
"$529,950","5 Lonark Street, Clyde North",House,3,2,1,,,,476-500 of 574 properties
"$649,200 - Fixed Price & Full Turnkey Inclusions","919 Forage Street, Officer South",House,3,2,1,,,,501-525 of 574 properties
$649K 3Bed Full Turnkey,"852 Bella St, Clyde",House,3,2,2,,,,501-525 of 574 properties
$619K Upgraded Home,"177 Northumberland St, Clyde",House,3,2,2,,,,501-525 of 574 properties
$629K Turnkey Home,"55 Tines Way, Clyde North",House,4,2,1,,,,501-525 of 574 properties
"$643,908","26 Trailwater Court, Warragul",House,4,2,2,,,,501-525 of 574 properties
"$ 590,000 to $ 640,000","1/43 Somerville Road, Hampton Park",House,3,2,2,,,,501-525 of 574 properties
"$600,000 to $655,000","27 Trefella Rise, Drouin",House,4,2,2,,,,501-525 of 574 properties
"$641,618 Affordable Living in Clyde North!!!","0013 Yardi Way, Clyde North",House,3,2,2,,,,501-525 of 574 properties
$645K 4Bed H&L package,"29 Kenmore way, Clyde North",House,4,2,2,,,,501-525 of 574 properties
"$630,000 - $660,000","6 Ecurb Street, Clyde North",House,3,2,2,,,,501-525 of 574 properties
"$628,082 Affordable Dream Home!!","21 Kenmore Way, Clyde North",House,3,2,2,,,,501-525 of 574 properties
"$641,618 Affordable Living in Clyde  North!!!","13 Yardi Way, Clyde North",House,3,2,2,,,,501-525 of 574 properties
"$599,900 Fixed Price & Full Turnkey Inclusions","Lot 919 Forage Street, Officer",House,3,2,1,,,,501-525 of 574 properties
"$618,302 Unbeatable value!!","Lot 35 Kenmore Way, Clyde North",House,3,2,2,,,,501-525 of 574 properties
$647K 3Bed Home,"15 Perimeter St, Hampton Park",House,3,2,2,,,,501-525 of 574 properties
"$579,000","8A Mickle Street, Koo Wee Rup",House,3,2,2,,,,501-525 of 574 properties
$649K 3Bed Home,"Lot 15 Perimeter Road, Hampton Park",House,3,2,2,,,,501-525 of 574 properties
"$639,400","LOT 246 Vantage Rise, Warragul",House,3,2,2,,,,501-525 of 574 properties
$619K 4Bed Gem,"Lot 2442 Carrera Road, Clyde",House,4,2,2,,,,501-525 of 574 properties
$619K Budget-friendly,"Lot 143 Someford Drive, Clyde North",House,4,2,1,,,,501-525 of 574 properties
$642K 4Bed H&L,"149 Someford Drive, Clyde North",House,4,2,2,,,,501-525 of 574 properties
$594K Affordable H&L,"141 Somerford Drive, Clyde North",House,3,2,2,,,,501-525 of 574 properties
$585K Best H&L Deal,"55 Tines Road, Clyde North",House,4,2,1,,,,501-525 of 574 properties
"$566,848","200 Vantage Rise, Warragul",House,4,2,2,,,,501-525 of 574 properties
$639K 4Bed H&L,"249 Villa Doria Road, Clyde North",House,4,2,2,,,,501-525 of 574 properties
$639K 4Bed H&L,"122 Yardi Way, Clyde North",House,4,2,2,,,,526-550 of 574 properties
$645K 4Bed H&L,"111 Yardi Way, Clyde North",House,4,2,2,,,,526-550 of 574 properties
$609K 3Bed H&L,"211 Kenmore Way, Clyde North",House,3,2,2,,,,526-550 of 574 properties
$599K 3Bed H&L,"335 Kenmore way, Clyde North",House,3,2,2,,,,526-550 of 574 properties
"$647,800","Lot 1026 Adiantum Road, Drouin",House,4,2,2,,,,526-550 of 574 properties
$599K 3Bed H&L,"44 Jessfield Dr, Cranbourne East",House,3,2,2,,,,526-550 of 574 properties
$629K 4Bed H&L,"Lot 50 Daisy St, Officer",House,4,2,2,,,,526-550 of 574 properties
$639K 4Bed H&L,"2249 Villa Doria Drive, Clyde North",House,4,2,2,,,,526-550 of 574 properties
"$545,406","245 Vantage Rise, Warragul",House,3,2,1,,,,526-550 of 574 properties
"$630,000 – 667,000","Lot 711 Operetta  Close, Junction Village",House,3,2,2,,,,526-550 of 574 properties
"$630,000","131 Claremont Drive, Warragul",House,4,2,2,,,,526-550 of 574 properties
"$633,918","Lot 137 Shaleal Way, Clyde North",House,3,2,2,,,,526-550 of 574 properties
$569K 3Bed H&L,"Lot33 Kenmore Way, Clyde North",House,3,2,2,,,,526-550 of 574 properties
"From* $627,375","Lot 260 Vantage Rise, Warragul",House,4,2,2,,,,526-550 of 574 properties
$645K 4Bed H&L,"Lot10 Yardi Way, Clyde North",House,4,2,2,,,,526-550 of 574 properties
$589K 3Bed H&L,"Lot4 Yardi Way, Clyde North",House,3,2,2,,,,526-550 of 574 properties
"$648,300","Lot 243 Vantage Rise, Warragul",House,4,2,2,,,,526-550 of 574 properties
$629K Titled H&L,"30 Daisy St Officer, Officer",House,4,2,2,,,,526-550 of 574 properties
$569K H&L Act Fast!!,"130 Jessifield Road, Cranbourne East",House,3,2,2,,,,526-550 of 574 properties
$585K Best H&L Deal,"16 Tines Way, Clyde North",House,3,2,1,,,,526-550 of 574 properties
$598K Act Now!!!,"22 Glebe St, Clyde North",House,3,2,2,,,,526-550 of 574 properties
"$551,848","Lot 200 Vantage Rise, Warragul",House,3,2,2,,,,526-550 of 574 properties
,"Lot 341 Chance Way, Clyde North, Vic 3978, Clyde North",House,4,2,2,,,,526-550 of 574 properties
$649K Full Turnkey,"332  Shovler St, Clyde North",House,4,2,1,,,,526-550 of 574 properties
$599K Total Package,"45 Jessifield Terrace, Cranbourne East",House,3,2,2,,,,526-550 of 574 properties
$599K Total Package,"610  Montagna Dr, Clyde",House,3,2,2,,,,551-574 of 574 properties
$609K H&L Package,"70 Shearjoy Loop, Clyde North, Clyde North",House,3,2,2,,,,551-574 of 574 properties
"$620,000-$660,000","17 Jennifer Court, Pakenham",House,4,2,2,,,,551-574 of 574 properties
"From* $634,706","Lot 3002 Simmental Street, Drouin",House,4,2,2,,,,551-574 of 574 properties
,"Lot 40  Granite Court, Cranbourne East",House,3,2,2,,,,551-574 of 574 properties
"$650,000 - $685,000","25 Kookaburra Grove, Neerim South",House,4,2,2,,,,551-574 of 574 properties
$650K PLUS,"LOT 1615 CANOPY ESTATE BE QUICK WILL SELL TODAY, Cranbourne",House,4,2,2,,,,551-574 of 574 properties
"$623,974","249 Vantage Rise, Warragul",House,4,2,2,,,,551-574 of 574 properties
"$618,100","248 Vantage Rise, Warragul",House,3,2,2,,,,551-574 of 574 properties
"$596,700","251 Vantage Rise, Warragul",House,3,2,1,,,,551-574 of 574 properties
,"9 Luscombe Avenue, Carrum Downs",House,4,2,4,,,,551-574 of 574 properties
"$613,000 - Fixed price, Full turnkey House & Land!","560 Pompei St, Clyde",House,3,2,2,,,,551-574 of 574 properties
"$613,500 - Great Price - $0 Stamp Duty for FHBs!","Lot 560 Pompei St, Clyde",House,3,2,2,,,,551-574 of 574 properties
$621K Total Turnkey!!!,"21 Jennifer ct, Pakenham",House,4,2,2,,,,551-574 of 574 properties
"$599,000 - Fixed Price & Full Turnkey Inclusions","1 Deoro Parade, Clyde North",House,3,2,1,,,,551-574 of 574 properties
"$648,900 - Full Turnkey Inclusions","2640 Harlem Way, Berwick",House,3,3,1,,,,551-574 of 574 properties
"$622,300 Full Turnkey Inclusions","Lot 4033 Rondo Circuit, Junction Village",House,4,2,2,,,,551-574 of 574 properties
"$580,000 - $620,000","53 Melaan  Way, Clyde North",House,3,2,1,,,,551-574 of 574 properties
"$599,880 - Full turnkey Home- All inclusions!","Lot 1107 Dalhalla Cct, Clyde North",House,3,2,2,,,,551-574 of 574 properties
"$640,000 -$690,000","11 Ravenna Street, Clyde",House,4,2,2,,,,551-574 of 574 properties
"$650,000 - $700,000 BRAND NEW!","16 Tartan Drive, Clyde North",House,4,2,1,,,,551-574 of 574 properties
"$599,990 - Titled Land - LIMITED TIME OFFER!","49 Shearjoy St, Clyde North",House,3,2,2,,,,551-574 of 574 properties
"$619,900 Full Turnkey Inclusions","Lot 571 Sawmiller Street, Officer",House,3,2,2,,,,551-574 of 574 properties
"$599,900 Full Turnkey Inclusions","Lot 224 Maple Grove, Nar Nar Goon North",House,3,2,1,,,,551-574 of 574 properties