Price,Address,Property Type,Beds,Baths,Car,Inspection Time,Area,Agent,RE_URL
"$640,000 - $699,000 - RENOVATED HOME!","11 Walhallow Drive, Clyde North",,4,2,1,,,Vitaldi Cooray,https://www.realestate.com.au/property-house-vic-clyde+north-146683080
"$630,000 - $690,000","31 Authentic Avenue, Cranbourne South",,3,2,2,,,Maddie Harris,https://www.realestate.com.au/property-house-vic-cranbourne+south-146682348
"$550,000 to $600,000","3 Bertram Street, Drouin",,3,2,3,Inspection Sat 18 Jan 9:30 am,619m²,Jeffrey George,https://www.realestate.com.au/property-house-vic-drouin-146385388
"$580,000 - $620,000","8 Jasmine Drive, Noble Park",,3,2,1,Inspection Fri 17 Jan 1:00 pm,,Ethan He,https://www.realestate.com.au/property-house-vic-noble+park-146795648
"$600,000 - $620,000","16 Ellen Close, Warragul",,3,2,2,,984m²,Daniel Sheehan,https://www.realestate.com.au/property-house-vic-warragul-146237680
"$640,000 - $660,000","4 Denistoun Crescent, Cranbourne",,3,2,2,,263m²,Mel Worthington,https://www.realestate.com.au/property-house-vic-cranbourne-146530900
"$580,000 - $635,000","16 Longwarry Road, Drouin",,4,2,2,Inspection Sat 18 Jan 12:00 pm,"1,471m²",Vince Di Grazia,https://www.realestate.com.au/property-house-vic-drouin-146795160
"$625,000 - $645,000","13 Stanhope Place, Pakenham",,4,2,2,,375m²,Amanda Charles,https://www.realestate.com.au/property-house-vic-pakenham-146384236
$590K-$630K! Guest Bed Downstairs!,"22 Portobello Boulevard, Clyde North",,4,3,2,Inspection tomorrow 5:00 pm,,Aseem Jhanji,https://www.realestate.com.au/property-house-vic-clyde+north-145833596
"$650,000 - $715,000","75 Willow Drive, Hampton Park",,3,2,4,,673m²,Jared Gresle,https://www.realestate.com.au/property-house-vic-hampton+park-146880168
"$600,000-$650,000","66 Sutton Street, Warragul",,3,2,2,,637m²,Kim Durrand,https://www.realestate.com.au/property-house-vic-warragul-146794264
"$650,000 - $670,000","5 Ethan Court, Pakenham",,4,2,2,,420m²,Jess Ostrom,https://www.realestate.com.au/property-house-vic-pakenham-146380648
"$645,000 - $665,000","6 Hume Court, Warragul",,4,2,2,,842m²,Dave Clark,https://www.realestate.com.au/property-house-vic-warragul-144842940
"$540,000 - $580,000","96 Cook Street, Drouin",,3,2,2,,572m²,Jess Ostrom,https://www.realestate.com.au/property-house-vic-drouin-146791668
"$450,000","3 Lindman Street, Drouin",,3,2,2,,878m²,Stuart Brock,https://www.realestate.com.au/property-house-vic-drouin-146878072
"$620,000 - $660,000","35 Huntington Drive, Hampton Park",,3,2,2,Inspection Sat 18 Jan 10:40 am,548m²,Aren Aliu,https://www.realestate.com.au/property-house-vic-hampton+park-146790280
"UNDER CONTRACT - $650,000 - $715,000","34 Turnbridge Road, Officer",,3,2,2,,,Stacey Woodfield,https://www.realestate.com.au/property-house-vic-officer-146526008
$620 000 - $660 000,"8 Sunline Street, Drouin",,4,2,2,,745m²,Brad Boyde,https://www.realestate.com.au/property-house-vic-drouin-144963152
"$500,000 - $550,000","104 Henry Street, Pakenham",,3,2,2,,,Amanda Claridge,https://www.realestate.com.au/property-house-vic-pakenham-146876332
"UNDER CONTRACT $620,000 - $680,000","29 Salvia Avenue, Pakenham",,4,2,2,,,Marcus Washington,https://www.realestate.com.au/property-house-vic-pakenham-146788972
"$650,000 - $695,000","19 Rilana Road, Clyde North",,4,2,2,,,Shan Dias,https://www.realestate.com.au/property-house-vic-clyde+north-145824524
"$575,423","Lot 210 Cape Street (Northside Estate), Clyde North",,3,2,1,,213m²,Jerome Duchenne,https://www.realestate.com.au/property-house-vic-clyde+north-146845592
"$622,045","Lot 1002 Tongs Boulevard (Evergreen Estate), Clyde North",,3,2,2,,290m²,Brijesh Patel,https://www.realestate.com.au/property-house-vic-clyde+north-146847472
"$600,000 - $660,000","15 Rockford Street, Pakenham",,4,2,2,Inspection Sat 18 Jan 11:00 am,,Susan Tse,https://www.realestate.com.au/property-house-vic-pakenham-146787064
"$645,000 - $685,000","13 Hellenic Court, Carrum Downs",,3,2,4,,530m²,Karen Finch,https://www.realestate.com.au/property-house-vic-carrum+downs-146663080
"$570,000 - $620,000","16 Nash Road, Bunyip",,3,2,2,,400m²,Derrick Brown,https://www.realestate.com.au/property-house-vic-bunyip-146786512
"$630,000 - $660,000","12 Tracie Court, Drouin",,4,2,2,Inspection Sat 18 Jan 10:00 am,818m²,Peter Powell,https://www.realestate.com.au/property-house-vic-drouin-146786208
$520K - $560K Must Sell!,"5 Nebo Way, Clyde",,3,2,1,,,Dilshan Wijerathna,https://www.realestate.com.au/property-house-vic-clyde-143901576
"$620,000 - $640,000 (No Body Corp)","1/327 Cranbourne-Frankston Road, Langwarrin",,3,2,2,Inspection tomorrow 4:30 pm,344m²,Sam Khurana,https://www.realestate.com.au/property-house-vic-langwarrin-146519692
"$629,000","11 Timberside Avenue, Warragul",,4,2,2,Inspection Sat 18 Jan 11:45 am,561m²,Jason Lee,https://www.realestate.com.au/property-house-vic-warragul-146097484
"$649,000 - $699,000","50A Cochrane Street, Cranbourne",,3,2,2,,,Mohan Singh,https://www.realestate.com.au/property-house-vic-cranbourne-146783492
,"5 Vita Place, Officer",,4,2,2,,,Amanda Claridge,https://www.realestate.com.au/property-house-vic-officer-145684308
"$649,000 - $729,000","100 Athenaeum Avenue, Clyde North",,3,2,2,,346m²,Mohan Singh,https://www.realestate.com.au/property-house-vic-clyde+north-146096360
"New Price $595,000 - $649,000","14 Burchill Avenue, Cranbourne East",,3,2,2,,,Noah Rezaie,https://www.realestate.com.au/property-house-vic-cranbourne+east-146518088
"$600,000 - $660,000","66 Brandy Creek Road, Warragul",,3,2,2,Inspection Sat 18 Jan 12:45 pm,"1,135m²",Brendan Wetherall,https://www.realestate.com.au/property-house-vic-warragul-145952900
"$585,000 - $630,000","2 Harlesden Circuit, Pakenham",,3,2,2,,204m²,Troy Farrell,https://www.realestate.com.au/property-house-vic-pakenham-146781360
"$650,000 - $700,000 - Must Inspect!","26 Fernisky Drive, Cranbourne East",,3,2,2,,454m²,Kay Bains,https://www.realestate.com.au/property-house-vic-cranbourne+east-145814184
"$595,000 - $654,500","19 Sunnybrook Avenue, Warragul",,4,2,2,Inspection Sat 18 Jan 11:45 am,,Zac Jeric,https://www.realestate.com.au/property-house-vic-warragul-146780792
"$610,000 - $665,000","6 Zeppelin Way, Beaconsfield",,3,2,2,,220m²,Brad Spencer,https://www.realestate.com.au/property-house-vic-beaconsfield-146516440
$618k if eligible for FHOG - $628k,"4613 Chimay Street, Clyde North",,4,2,2,,221m²,Brad Alba,https://www.realestate.com.au/property-house-vic-clyde+north-146869400
"$620,000 - $680,000","3 Flourish Walk, Botanic Ridge",,3,2,2,Inspection Sat 18 Jan 1:00 pm,,Jamie O'Halloran,https://www.realestate.com.au/property-house-vic-botanic+ridge-146779692
"$495,000 - $530,000","1/98 Lampard Road, Drouin",,3,2,2,,,Dale Atkin,https://www.realestate.com.au/property-house-vic-drouin-146868268
"$500,000 - $550,000","11 Omega Street, Carrum Downs",,3,2,2,Inspection Sat 18 Jan 10:00 am,412m²,Georgia Ryan,https://www.realestate.com.au/property-house-vic-carrum+downs-146906508
"$640,000 - $670,000","21 Boyd Avenue, Warragul",,4,2,2,,,Stephanie Nash,https://www.realestate.com.au/property-house-vic-warragul-146657612
"$639,000-$699,000","1 Portrait Place, Clyde North",,4,2,2,Inspection tomorrow 6:00 pm,278m²,Hardeep Singh,https://www.realestate.com.au/property-house-vic-clyde+north-146906328
"Price guide $620,000 to $640,000","2 Raydale Avenue, Narre Warren South",,3,2,2,Inspection Sat 18 Jan 11:30 am,278m²,Lei Asuncion,https://www.realestate.com.au/property-house-vic-narre+warren+south-144823268
"$640,000 - $680,000","7 Boyd Avenue, Warragul",,4,2,2,,628m²,Jason Lee,https://www.realestate.com.au/property-house-vic-warragul-144193208
"$645,000 - $665,000","101 McNeilly Road, Drouin",,4,2,2,,576m²,Natalie Hodge,https://www.realestate.com.au/property-house-vic-drouin-146867060
"$650,000 - $710,000 + $10,000 FHBG","66 Reef Circuit, Clyde",,4,2,2,,,Vitaldi Cooray,https://www.realestate.com.au/property-house-vic-clyde-146866604
"$610,000 - $660,000","60 Raisell Road, Cranbourne West",,3,2,2,,465m²,Paul Ringeri,https://www.realestate.com.au/property-house-vic-cranbourne+west-146866512
"$499,000 - $548,900","40  Armidale Drive, Pakenham",,3,2,2,Inspection Sat 18 Jan 12:00 pm,,Steve Harrison,https://www.realestate.com.au/property-house-vic-pakenham-146510760
"$645,000 - $695,000 + Brand New & $10,000 FHBG","48 Verbena Boulevard, Clyde",,4,3,2,,,Vitaldi Cooray,https://www.realestate.com.au/property-house-vic-clyde-146089364
"$590,000 - $649,000","13 Fieldstone Avenue, Warragul",,3,2,2,Inspection Sat 18 Jan 12:00 pm,525m²,Melissa Ahearn,https://www.realestate.com.au/property-house-vic-warragul-146655008
"$600,000-$640,000","7 Sunnybrook Avenue, Warragul",,4,2,2,,508m²,Kim Durrand,https://www.realestate.com.au/property-house-vic-warragul-146905796
"$580,000 - $638,000","14 Westminster Court, Hampton Park",,3,2,2,,,Shabana Rexhepi,https://www.realestate.com.au/property-house-vic-hampton+park-146654716
"$620,000 - $660,000","93 Strathlea Drive, Cranbourne West",,3,2,2,Inspection Sat 18 Jan 10:00 am,287m²,Akshay Chawla,https://www.realestate.com.au/property-house-vic-cranbourne+west-146233080
"$575,000 - $625,000","13 Fleuve Rise, Clyde North",,3,2,1,Inspection Sat 18 Jan 11:30 am,182m²,Andrew Nguyen,https://www.realestate.com.au/property-house-vic-clyde+north-146774300
"$650,000-$715,000","4 Kosta Boda Boulevard, Pakenham",,5,2,2,Inspection Sat 25 Jan 10:00 am,567m²,Minh Le,https://www.realestate.com.au/property-house-vic-pakenham-145318160
,"67 Havana Pde, Pakenham",,3,2,3,Inspection Sat 18 Jan 10:20 am,346m²,Robert Johnson,https://www.realestate.com.au/property-house-vic-pakenham-146085536
599K - 620K,"90 Plymouth Boulevard, Clyde North",,3,2,2,,,Dilshan Wijerathna,https://www.realestate.com.au/property-house-vic-clyde+north-145940800
,"39A Callander Road, Noble Park",,4,2,2,,,Theresa Huynh,https://www.realestate.com.au/property-duplex+semi-detached-vic-noble+park-144324160
"Price Range: $640,000 - $660,000","108 Victoria Street, Warragul",,4,2,2,Inspection Sat 18 Jan 10:30 am,,Nicole Morris,https://www.realestate.com.au/property-house-vic-warragul-145801956
"$549,000-$589,000","4 Queenie Way, Cranbourne West",,3,2,1,Inspection Sat 18 Jan 1:00 pm,,Hardeep Singh,https://www.realestate.com.au/property-house-vic-cranbourne+west-146904944
"$ 635,000 - $ 698,500","17 Ethan Terrace, Cranbourne East",,4,2,2,Inspection Sat 18 Jan 12:00 pm,,Sam Singh,https://www.realestate.com.au/property-house-vic-cranbourne+east-145195040
"$608,000 - $668,000 - ONLY 2 YEARS OLD!","10 Gecko Crescent, Clyde North",,3,2,1,Inspection Sat 18 Jan 10:30 am,13.21m²,Rowan Reddy,https://www.realestate.com.au/property-house-vic-clyde+north-146767364
"$595,000 - $650,000","92 Viewbright Road, Clyde North",,3,2,2,Inspection Sat 18 Jan 11:00 am,,Lee Qiang,https://www.realestate.com.au/property-house-vic-clyde+north-146768880
"$600,000 - $660,000","6 Cob Terrace, Clyde North",,3,2,2,Inspection Sat 18 Jan 10:00 am,,Andrew Carlow,https://www.realestate.com.au/property-house-vic-clyde+north-146646436
"$590,000 - $630,000","13 Tallowood Street, Doveton",,3,2,2,Inspection Sat 18 Jan 2:20 pm,,Idriss Paykari,https://www.realestate.com.au/property-house-vic-doveton-146767552
"$650,000 - $660,000","43 Proctor Road, Longwarry",,4,2,2,,547m²,Miranda Pike,https://www.realestate.com.au/property-house-vic-longwarry-146223324
"$570,000","16 Timberland Court, Longwarry",,3,2,2,Inspection Sat 18 Jan 11:00 am,301m²,Michael Asche,https://www.realestate.com.au/property-house-vic-longwarry-146857328
"$540,000 - $580,000","8 Viridian Avenue, Officer",,3,2,2,,204m²,Ravi Fernando,https://www.realestate.com.au/property-house-vic-officer-146902820
"$620,000 - $682,000","10 Polson Way, Cranbourne West",,4,3,4,,,Ahmed Mahmoud,https://www.realestate.com.au/property-house-vic-cranbourne+west-146765676
"$650,000 - $715,000","23 Fergus Lane, Cranbourne West",,4,3,4,,,Ahmed Mahmoud,https://www.realestate.com.au/property-house-vic-cranbourne+west-146765672
"$335,000 TO $368,500","151/1325 Frankston-Dandenong Road, Carrum Downs",,3,2,2,,,Mark Burke,https://www.realestate.com.au/property-house-vic-carrum+downs-146508920
"$585,000","5 Tara Grove, Drouin",,3,2,2,,800m²,Katrina Guy,https://www.realestate.com.au/property-house-vic-drouin-146072436
"$650,000 - $699,000","60 Alisma Boulevard, Cranbourne North",,3,2,2,,388m²,Mark Simons,https://www.realestate.com.au/property-house-vic-cranbourne+north-146764600
"$649,000 - $699,000","23 Mountain Vista Court, Drouin",,4,2,2,,855m²,Shane Candappa,https://www.realestate.com.au/property-house-vic-drouin-146367592
"$500,000 - $550,000","17 Somerset Drive, Warragul",,3,2,2,,760m²,Jason Lee,https://www.realestate.com.au/property-house-vic-warragul-146763864
"$600,000 - $660,000","35 Elderberry Way, Pakenham",,4,2,2,,440m²,Gavin Staindl,https://www.realestate.com.au/property-house-vic-pakenham-146855392
"$620,000 - $650,000","8 Mitchell Court, Warragul",,3,2,4,,"1,040m²",Daniel Sheehan,https://www.realestate.com.au/property-house-vic-warragul-146069708
,"2 Ardmore Street, Cranbourne",,4,2,2,,640m²,Navii Sarai,https://www.realestate.com.au/property-house-vic-cranbourne-145058860
"$645,000 - $695,000","14/290 Centre Road, Narre Warren South",,3,2,2,,,Abraham Ibrahim,https://www.realestate.com.au/property-house-vic-narre+warren+south-146854908
"$530,000 - $550,000","11 Holland Street, Drouin",,3,2,1,,503m²,Nicole Lancey,https://www.realestate.com.au/property-house-vic-drouin-146066400
"$650,000 - $715,000","4 Barite Place, Frankston",,4,2,1,Inspection Sat 18 Jan 12:00 pm,523m²,Chris Fyfe,https://www.realestate.com.au/property-house-vic-frankston-146761212
"$600,000 - $630,000","12 Folkstone Court, Drouin",,4,2,2,,528m²,Mark Woods,https://www.realestate.com.au/property-house-vic-drouin-145429032
"$570,000 - $620,000","20 Kimberley Grove, Pakenham",,3,2,1,Inspection Sat 18 Jan 9:50 am,,Jack Anning,https://www.realestate.com.au/property-house-vic-pakenham-146851984
"$610,000 - $671,000","26 Minster Avenue, Warragul",,4,2,2,,595m²,Candice Hill,https://www.realestate.com.au/property-house-vic-warragul-146359356
"$650,000 - $710,000 - LUXURY HOME","8 Pesaro St, Clyde",,4,2,2,,,Vitaldi Cooray,https://www.realestate.com.au/property-house-vic-clyde-146208184
"$640,000 - $660,000","27  Denistoun Crescent, Cranbourne",,3,2,2,Inspection Sat 18 Jan 11:00 am,258m²,,https://www.realestate.com.au/property-house-vic-cranbourne-146328748
"$581,200","LOT 131 HAYES DRIVE, Warragul",,4,2,2,,486m²,,https://www.realestate.com.au/property-house-vic-warragul-146951640
"$541,200","LOT 209 CAPE STREET, Clyde North",,3,2,2,,213m²,,https://www.realestate.com.au/property-house-vic-clyde+north-146949632
"$544,300","LOT 251 VANTAGE RISE, Warragul",,4,2,1,,304m²,,https://www.realestate.com.au/property-house-vic-warragul-146951632
"$641,100","Lot 415 Piero Street (Bella), Clyde",,3,2,2,,408m²,,https://www.realestate.com.au/property-house-vic-clyde-146936960
"$598,400","LOT 42 GRANITE COURT, Cranbourne East",,4,2,2,,263m²,,https://www.realestate.com.au/property-house-vic-cranbourne+east-146931064
"$650,000","LOT 1430 CANOPY ESTATE /LAST AND FINAL PACKAGE !/4 BED INVE, Cranbourne",,4,2,2,,263m²,,https://www.realestate.com.au/property-house-vic-cranbourne-146930032
$639000 - $690000,"14 Minster Avenue, Warragul",,4,2,2,Inspection Sat 18 Jan 12:00 pm,525.3m²,,https://www.realestate.com.au/property-house-vic-warragul-146238896
"$650,000 - $700,000","96 Henry Street, Pakenham",,4,2,2,,,,https://www.realestate.com.au/property-house-vic-pakenham-129066602
$647K TITLED H&L PACKAGE,"Lot 1419 Aria Street (One Bells Estate), Clyde",,4,2,2,,383m²,,https://www.realestate.com.au/property-house-vic-clyde-146978352
$645K PLUS,"LOT 13 SAFFRON ESTATE BARGIN PACKAGES BE QUICK SELLING FA, Clyde North",,4,2,2,,295m²,,https://www.realestate.com.au/property-house-vic-clyde+north-146979424
$640K TITLED H&L PACKAGE,"Lot 1603  Cactus Drive (One Bells Estate), Clyde",,4,2,2,,350m²,,https://www.realestate.com.au/property-house-vic-clyde-146978040
$633K TITLED H&L PACKAGE,"Lot 285  Paramount Drive (Copelands Estate), Warragul",,4,2,2,,651m²,,https://www.realestate.com.au/property-house-vic-warragul-146981020
$620K PLUS,"LOT 14 SAFFRON ESTATE BARGIN PACKAGES BE QUICK SELLING FA, Clyde North",,3,2,2,,295m²,,https://www.realestate.com.au/property-house-vic-clyde+north-146979548
"$597,100","LOT 460 Tribute Avenue, Clyde North",,4,2,2,,312m²,,https://www.realestate.com.au/property-house-vic-clyde+north-146983464
"$593,400","LOT 461 Tribute Avenue, Clyde North",,4,2,2,,294m²,,https://www.realestate.com.au/property-house-vic-clyde+north-146983620
"$578,200","LOT 524 Sawmiller Street, Officer",,3,2,2,,308m²,,https://www.realestate.com.au/property-house-vic-officer-146983136
$537K H&L PACKAGE,"Lot 248 Hillcrest Road (Drouin Fields Estate), Drouin",,3,2,2,,374m²,,https://www.realestate.com.au/property-house-vic-drouin-146980600
$530K  H&L PACKAGE,"Lot 247 Hillcrest Road (Drouin Fields Estate), Drouin",,4,2,1,,374m²,,https://www.realestate.com.au/property-house-vic-drouin-146980204
$649K H&L PACKAGE,"Lot 6 Perimeter Road (Heming On Pound), Hampton Park",,3,2,2,,263m²,,https://www.realestate.com.au/property-house-vic-hampton+park-146968452
$649K TITLED H&L PACKAGE,"Lot 104 Barrel Road (Drouin Fields Estate), Drouin",,4,2,2,,560m²,,https://www.realestate.com.au/property-house-vic-drouin-146970900
"$645,020 To $665,020","Lot 203 Shakeal Way, Clyde North",,4,2,1,,265m²,,https://www.realestate.com.au/property-house-vic-clyde+north-146970112
"$629,900","16 Mulsanne Road, Clyde",,3,2,2,,262m²,,https://www.realestate.com.au/property-house-vic-clyde-146859744
$625K H&L PACKAGE,"Lot 1006 Tongs Boulevard (Evergreen Estate), Clyde",,3,2,2,,292m²,,https://www.realestate.com.au/property-house-vic-clyde-146969552
$620K H&L PACKAGE,"Lot 144 Tart Street (Kala Estate), Pakenham",,4,2,1,,346m²,,https://www.realestate.com.au/property-house-vic-pakenham-146970504
$620K TITLED H&L PACKAGE,"Lot 15 Yardi Way (Saffron Estate), Clyde",,4,2,1,,294m²,,https://www.realestate.com.au/property-house-vic-clyde-146969912
$617K TITLED H&L PACKAGE,"Lot 28 Kenmore Way (Saffron Estate), Clyde",,3,2,2,,294m²,,https://www.realestate.com.au/property-house-vic-clyde-146969828
"$605,400 To $655,400","Lot 1006 Tongs Boulevard, Clyde",,3,2,1,,292m²,,https://www.realestate.com.au/property-house-vic-clyde-146969936
$594K H&L PACKAGE,"Lot 330 Carriage Drive (Parkside Estate), Warragul",,4,2,2,,748m²,,https://www.realestate.com.au/property-house-vic-warragul-146971188
$578K TITLED H&L PACKAGE,"Lot 235  Paramount Drive (Copelands Estate), Warragul",,4,2,2,,529m²,,https://www.realestate.com.au/property-house-vic-warragul-146971272
$567K TITLED H&L PACKAGE,"Lot 1620  Northumberland Road (Evergreen Estate), Clyde",,4,2,2,,241m²,,https://www.realestate.com.au/property-house-vic-clyde-146969184
"$550,287","Lot 240 Hillcrest Road, Drouin",,4,2,1,,360.4m²,,https://www.realestate.com.au/property-house-vic-drouin-146965652
$530K H&L PACKAGE,"Lot 240 Hillcrest Road (Drouin Fields Estate), Drouin",,4,2,1,,360m²,,https://www.realestate.com.au/property-house-vic-drouin-146970808
"$648,874","Lot 120 Cattlemans Drive (Lillifield), Warragul",,4,2,4,,444m²,,https://www.realestate.com.au/property-house-vic-warragul-146963908
"$641,873","Lot 110 Rosea St (Lillifield), Warragul",,4,2,4,,400m²,,https://www.realestate.com.au/property-house-vic-warragul-146963872
"$641,615","Lot 120 Sanctum Parade, Cranbourne West",,3,2,2,,275m²,,https://www.realestate.com.au/property-house-vic-cranbourne+west-146962520
$619k if eligible for FHOG* - $629k,"4613 Chimay Street, Clyde North",,4,2,2,,221m²,,https://www.realestate.com.au/property-house-vic-clyde+north-146957368
"$604,862","Lot 236 Filly Street, Clyde North",,3,2,1,,294m²,,https://www.realestate.com.au/property-house-vic-clyde+north-146957844
"$622,600","Lot 213 Shakeal Way (Somerford), Clyde North",,3,2,2,,220m²,,https://www.realestate.com.au/property-house-vic-clyde+north-146952656
"$566,890","Lot 213 Shakeal Way, Clyde North",,3,2,3,,220m²,,https://www.realestate.com.au/property-house-vic-clyde+north-146952768
"$649,599","Lot 122 Sierra Street, Warragul",,4,2,2,,561m²,,https://www.realestate.com.au/property-house-vic-warragul-146946128
"$646,750","LOT 18 JESSFIELD TERRACE, Cranbourne East",,4,2,2,,350m²,,https://www.realestate.com.au/property-house-vic-cranbourne+east-146949376
"$641,921","Lot 128 Bell Heather Boulevard, Warragul",,4,2,2,,548m²,,https://www.realestate.com.au/property-house-vic-warragul-146946120
"$638,200","LOT 213 CAPE STREET, Clyde North",,4,2,2,,316m²,,https://www.realestate.com.au/property-house-vic-clyde+north-146950004
"$637,750","LOT 102 PROTEA STREET, Junction Village",,4,2,2,,350m²,,https://www.realestate.com.au/property-house-vic-junction+village-146949400
$630K,"LOT 52 NELSON ESTATE BARGIN PACKAGES BE QUICK SELLING FAS, Cranbourne East",,4,2,2,,292m²,,https://www.realestate.com.au/property-house-vic-cranbourne+east-146950632
"$625,600","LOT 221 BLINKER STREET, Clyde North",,4,2,2,,294m²,,https://www.realestate.com.au/property-house-vic-clyde+north-146949824
$625K,"LOT 53 NELSON ESTATE BARGIN PACKAGES BE QUICK SELLING FAS, Cranbourne East",,4,2,2,,286m²,,https://www.realestate.com.au/property-house-vic-cranbourne+east-146950652
"$617,100","LOT 18 YARDI WAY, Clyde North",,4,2,2,,313m²,,https://www.realestate.com.au/property-house-vic-clyde+north-146950148
"$616,100","LOT 3004 RIVERLAND ROAD, Clyde",,4,2,2,,312m²,,https://www.realestate.com.au/property-house-vic-clyde-146950024
"$607,100","LOT 12 YARDI WAY, Clyde North",,4,2,2,,313m²,,https://www.realestate.com.au/property-house-vic-clyde+north-146950108
"$607,100","LOT 812 CACOA STREET, Junction Village",,4,2,2,,350m²,,https://www.realestate.com.au/property-house-vic-junction+village-146949412
"$591,400","LOT 210 SHAKEAL WAY, Clyde North",,4,2,2,,263m²,,https://www.realestate.com.au/property-house-vic-clyde+north-146950240
"$580,900","LOT 209 SHAKEAL WAY, Clyde North",,3,2,1,,263m²,,https://www.realestate.com.au/property-house-vic-clyde+north-146950348
"$578,900","LOT 135 SANCTUM PARADE, Cranbourne West",,3,2,2,,231m²,,https://www.realestate.com.au/property-house-vic-cranbourne+west-146949504
"$578,244","Lot 152 Tart Street  (Kala), Pakenham",,3,2,2,,294m²,,https://www.realestate.com.au/property-house-vic-pakenham-146944452
$570K PLUS,"LOT 51 NELSON ESTATE BARGIN PACKAGES BE QUICK SELLING FAS, Cranbourne East",,4,2,1,,248m²,,https://www.realestate.com.au/property-house-vic-cranbourne+east-146950444
"$565,950","LOT 249 VANTAGE RISE, Warragul",,4,2,2,,375m²,,https://www.realestate.com.au/property-house-vic-warragul-146951616
"$557,200","LOT 248 VANTAGE RISE, Warragul",,3,2,2,,368m²,,https://www.realestate.com.au/property-house-vic-warragul-146951636
"$526,200","Lot 244 Vantage Rise (Crownlea), Warragul",,4,2,2,,406m²,,https://www.realestate.com.au/property-house-vic-warragul-146944808
"$521,400","Lot 110 Bell Heather Boulevard (Lillifield), Warragul",,3,2,2,,400m²,,https://www.realestate.com.au/property-house-vic-warragul-146944612
$645K TITLED H&L PACKAGE,"Lot 125 Monterey Way (The Rise Estate), Pakenham",,4,2,2,,387m²,,https://www.realestate.com.au/property-house-vic-pakenham-146938568
"$639,900 – $654,900","8 Newcastle Road, Clyde",,4,2,2,Inspection Sat 18 Jan 12:00 pm,,,https://www.realestate.com.au/property-house-vic-clyde-146939160
"$637,200 To $657,200","Lot 127 Tart Street, Pakenham",,4,2,1,,294m²,,https://www.realestate.com.au/property-house-vic-pakenham-146937248
"$599,921","Lot 110 Bell Heather Boulevard, Warragul",,4,2,2,,400m²,,https://www.realestate.com.au/property-house-vic-warragul-146918980
"$583,283","Lot 811 Zinc Way (Platinum  Rise), Drouin",,3,2,2,,505m²,,https://www.realestate.com.au/property-house-vic-drouin-146936844
"$630,700","Lot 18 Yardi Way (Saffron), Clyde North",,3,2,2,,294m²,,https://www.realestate.com.au/property-house-vic-clyde+north-146926536
"$629,100","LOT 34 TALC STREET, Cranbourne East",,4,2,2,,299m²,,https://www.realestate.com.au/property-house-vic-cranbourne+east-146931092
"$625,300","Lot 232 Scenic Rise, Pakenham",,4,2,2,,392m²,,https://www.realestate.com.au/property-house-vic-pakenham-146929496
$624K TITLED H&L PACKAGE,"Lot 28 Kenmore Way (Saffron Estate), Clyde",,3,2,2,,294m²,,https://www.realestate.com.au/property-house-vic-clyde-146932412
"$614,400","LOT 50 BOURBON ROAD, Cranbourne East",,3,2,2,,316m²,,https://www.realestate.com.au/property-house-vic-cranbourne+east-146931192
"$612,750","Lot 3002 Cart Drive, Drouin",,4,2,2,,350m²,,https://www.realestate.com.au/property-house-vic-drouin-146929268
"$612,750","Lot 114 Kookaburra Rise, Pakenham",,4,2,2,,375m²,,https://www.realestate.com.au/property-house-vic-pakenham-146929552
"$607,100","Lot 1406 Aria Road, Clyde",,4,2,2,,350m²,,https://www.realestate.com.au/property-house-vic-clyde-146929840
"$604,900","LOT 24 TALC STREET, Cranbourne East",,3,2,2,,282m²,,https://www.realestate.com.au/property-house-vic-cranbourne+east-146931212
"$594,400","Lot 47 Granite Court, Cranbourne East",,4,2,2,,221m²,,https://www.realestate.com.au/property-house-vic-cranbourne+east-146929180
"$589,400","LOT 29 TALC STREET, Cranbourne East",,4,2,2,,270m²,,https://www.realestate.com.au/property-house-vic-cranbourne+east-146931248
"$560,700","LOT 51 BOURBON ROAD, Cranbourne East",,4,2,1,,248m²,,https://www.realestate.com.au/property-house-vic-cranbourne+east-146931160
$599K Fully Ready 3Bed H&L,"249 Nelson Rd, Cranbourne East",,3,2,2,,248m²,,https://www.realestate.com.au/property-house-vic-cranbourne+east-146923780
"$649,000 Fixed & Turnkey","Lot 1419 Rockdale Road, Clyde North",,4,2,2,,263m²,,https://www.realestate.com.au/property-house-vic-clyde+north-146921752
"$649,000 Fixed & Turnkey","Lot 1417 Rockdale Road, Clyde North",,4,2,2,,274m²,,https://www.realestate.com.au/property-house-vic-clyde+north-146921780
$649K H&L PACKAGE,"Lot 36 Granite Court (Nelson Village Estate), Cranbourne",,4,2,2,,319m²,,https://www.realestate.com.au/property-house-vic-cranbourne-146919708
"$649,000 Fixed & Turnkey","Lot 1421 Rockdale Road, Clyde North",,4,2,2,,274m²,,https://www.realestate.com.au/property-house-vic-clyde+north-146921720
$642K H&L PACKAGE,"Lot 7  Perimeter Road (Heming On Pound), Hampton Park",,3,2,2,,263m²,,https://www.realestate.com.au/property-house-vic-hampton+park-146919284
$638K TITLED H&L PACKAGE,"Lot 28 Parkhurst Road (Greenwhich Central), Cranbourne",,3,2,2,,382m²,,https://www.realestate.com.au/property-house-vic-cranbourne-146918788
$626K TITLED H&L PACKAGE,"Lot 109 Ventura Road (Drouin Fields Estate), Drouin",,4,2,2,,496m²,,https://www.realestate.com.au/property-house-vic-drouin-146921772
$623K  H&L PACKAGE,"Lot 10 Perimeter Road (Heming On Pound), Hampton Park",,3,2,1,,258m²,,https://www.realestate.com.au/property-house-vic-hampton+park-146919108
$620K H&L PACKAGE,"Lot 2725  Lismac Avenue (Smiths Lane Estate), Clyde",,4,2,2,,291m²,,https://www.realestate.com.au/property-house-vic-clyde-146921188
$620K TITLED H&L PACKAGE,"Lot 360  Tribute Avenue (Verve Estate), Clyde",,4,2,2,,290m²,,https://www.realestate.com.au/property-house-vic-clyde-146920924
"$619,000 Fixed & Turnkey","Lot 1420 Rockdale Road, Clyde North",,3,2,2,,221m²,,https://www.realestate.com.au/property-house-vic-clyde+north-146921732
"$619,000 Fixed & Turnkey","Lot 1418 Rockdale Road, Clyde North",,3,2,2,,221m²,,https://www.realestate.com.au/property-house-vic-clyde+north-146921760
$604K TITLED H&L PACKAGE,"Lot 112 Rosea Street (Lilifield Estate), Warragul",,5,2,2,,576m²,,https://www.realestate.com.au/property-house-vic-warragul-146923156
$603K TITLED H&L PACKAGE,"Lot 235  Paramount Drive (Copelands Estate), Warragul",,4,2,2,,529m²,,https://www.realestate.com.au/property-house-vic-warragul-146922368
$590K TITLED H&L PACKAGE,"Lot 706 Zinc Way (Platinum Rise Estate), Drouin",,4,2,2,,513m²,,https://www.realestate.com.au/property-house-vic-drouin-146921980
$577K H&L PACKAGE,"Lot 152 Tart Street (Kala Estate), Pakenham",,4,2,2,,294m²,,https://www.realestate.com.au/property-house-vic-pakenham-146921576
$577K TITLED H&L PACKAGE,"Lot 200 Vantage Rise (Crownlea Estate), Warragul",,4,2,2,,407m²,,https://www.realestate.com.au/property-house-vic-warragul-146922848
"$583,900 Full Turnkey - Ready to Build !!!","55 Vantage Rise, Warragul",,4,2,1,,310m²,,https://www.realestate.com.au/property-house-vic-warragul-146913376
"$647,750","Lot 855 Heather Grove, Clyde North",,4,2,2,,350m²,,https://www.realestate.com.au/property-house-vic-clyde+north-146905364
"$627,750","Lot 1405 Aria Road, Clyde",,4,2,2,,350m²,,https://www.realestate.com.au/property-house-vic-clyde-146905352
"$553,400","Lot 213 Laker Boulevard, Clyde North",,4,2,1,,221m²,,https://www.realestate.com.au/property-house-vic-clyde+north-146905320
"$650,000 No stamp Duty Q3 2025 EXPECTED COMPLETION","3 Caliche Place, Cranbourne East",,3,2,1,,260m²,,https://www.realestate.com.au/property-house-vic-cranbourne+east-146900812
"$600,000 House and Land Turnkey FHBG","8 Hydrangea Rd, Junction Village",,3,2,1,,310m²,,https://www.realestate.com.au/property-house-vic-junction+village-146900808
"$650,000 - $690,000","19 Tranter Square, Lynbrook",,3,2,2,,,,https://www.realestate.com.au/property-house-vic-lynbrook-146480108
"$600,000 - $630,000","73 Falling Water Drive, Pakenham",,3,2,2,Inspection Sat 18 Jan 12:00 pm,,,https://www.realestate.com.au/property-house-vic-pakenham-146687932
"$650,000 - $665,000","15 Queensberry Street, Cranbourne West",,3,2,1,,224m²,,https://www.realestate.com.au/property-house-vic-cranbourne+west-146880908
$589K Full turnkey 3Bed home & land,"248 nelson street, Cranbourne East",,3,2,2,,248m²,,https://www.realestate.com.au/property-house-vic-cranbourne+east-146880812
"$645,321","Lot 807 Palladium Boulevard, Drouin",,4,2,2,,666m²,,https://www.realestate.com.au/property-house-vic-drouin-146873680
"$622,045","Lot 1002 Tongs Boulevard, Clyde",,3,2,2,,290m²,,https://www.realestate.com.au/property-house-vic-clyde-146874096
"$622,045","Lot 1005 Tongs Boulevard, Clyde",,3,2,2,,290m²,,https://www.realestate.com.au/property-house-vic-clyde-146874092
"$635,900 Full Turnkey - Ready to Build !!!","10 Salisbury Ave, Warragul",,4,2,2,,571m²,,https://www.realestate.com.au/property-house-vic-warragul-146866940
"$648,700 Full Turnkey - Ready to Build !!!","59 Willandra Crcuit, Warragul",,4,2,2,,560m²,,https://www.realestate.com.au/property-house-vic-warragul-146866856
"$620,000","Lot 3/11 Howitt Street, Tynong",,4,2,2,,611m²,,https://www.realestate.com.au/property-house-vic-tynong-146865796
"$624,500 To $659,500","Lot 2519  Lismac Avenue, Clyde North",,4,2,2,,263m²,,https://www.realestate.com.au/property-house-vic-clyde+north-146871132
"$595,400 To $615,400","Lot 7 Bluebell Way, Officer",,3,2,2,,221m²,,https://www.realestate.com.au/property-house-vic-officer-146870892
"$645,000","92 Ahern Road, Pakenham",,4,2,2,,330m²,,https://www.realestate.com.au/property-house-vic-pakenham-146857532
"$632,000","13 Timberland Court, Longwarry",,4,2,2,Inspection Sat 18 Jan 11:00 am,335m²,,https://www.realestate.com.au/property-house-vic-longwarry-146857204
"$528,000","15 Timberland Court, Longwarry",,3,2,1,Inspection Sat 18 Jan 11:00 am,261m²,,https://www.realestate.com.au/property-house-vic-longwarry-146857292
"$528,000","14 Timberland Court, Longwarry",,3,2,1,Inspection Sat 18 Jan 11:00 am,261m²,,https://www.realestate.com.au/property-house-vic-longwarry-146857168
"Build House and Land from $598,560 Today!","3002 Simmental Street, Drouin",,3,2,2,,501m²,,https://www.realestate.com.au/property-house-vic-drouin-146855548
"$650,000 - $710,000","55 Riana Loop, Eumemmerring",,4,2,2,Inspection Sat 18 Jan 1:00 pm,199m²,,https://www.realestate.com.au/property-house-vic-eumemmerring-145396968
"$619,121","Lot 209 ROSEA ST, Warragul",,4,2,2,,400m²,,https://www.realestate.com.au/property-house-vic-warragul-146835844
"From $570,000","248 Vantage Rise, Warragul",,4,2,2,,368m²,,https://www.realestate.com.au/property-house-vic-warragul-146840760
"$553,000","240 Fily Street (FULL TURNKEY), Clyde North",,3,2,1,,12.58m²,,https://www.realestate.com.au/property-house-vic-clyde+north-146831392
"$647,000","LOT 31 SAFFRON ESTATE, Clyde North",,3,2,2,,268m²,,https://www.realestate.com.au/property-house-vic-clyde+north-146823576
"$625,000 Fixed Price & Full Turnkey Inclusions","Lot 918 Forage Street, Officer",,3,2,1,,196m²,,https://www.realestate.com.au/property-house-vic-officer-146815472
"$594,500","21 Cultura Walk, Cranbourne West",,4,3,2,,,,https://www.realestate.com.au/property-house-vic-cranbourne+west-145884672
"From* $643,072","Lot 1002 Karak Street, Drouin",,3,2,2,,800m²,,https://www.realestate.com.au/property-house-vic-drouin-146801476
"$650,000 BRAND NEW - No Body Corp","40 D'Angelo Avenue, Officer",,3,2,1,Inspection Sat 18 Jan 11:00 am,,,https://www.realestate.com.au/property-house-vic-officer-146777388
"$646,600 To $664,600","Lot 235 Paramount Drive, Warragul",,4,2,2,,529m²,,https://www.realestate.com.au/property-house-vic-warragul-146789228
"$598,962","Lot 248 Vantage Rise, Warragul",,3,2,2,,368m²,,https://www.realestate.com.au/property-house-vic-warragul-146791328
"$584,702","Lot 248 Trailwater Court, Warragul",,4,2,2,,427m²,,https://www.realestate.com.au/property-house-vic-warragul-146791228
"$574,400 TO $594,400","Lot 221 Paramount Drive, Warragul",,4,2,2,,443m²,,https://www.realestate.com.au/property-house-vic-warragul-146789248
"$558,978","Lot 4 Trailwater Court, Warragul",,3,2,2,,439m²,,https://www.realestate.com.au/property-house-vic-warragul-146792764
"$616,915","Lot 213 Rosea Street, Warragul",,4,2,2,,448m²,,https://www.realestate.com.au/property-house-vic-warragul-146766752
"$573,597","Lot 326 Kauri Street, Warragul",,4,2,2,,509m²,,https://www.realestate.com.au/property-house-vic-warragul-146766796
$649K 3bed+Study Turnkey!,"4904 Willey Rd, Clyde North",,3,2,2,,263m²,,https://www.realestate.com.au/property-house-vic-clyde+north-146750404
"$624,100","Lot 4904 Meridian, Clyde North",,3,2,2,,263m²,,https://www.realestate.com.au/property-house-vic-clyde+north-146750256
"$590,000 to $640,000","40 Dangelo Avenue, Officer",,3,2,1,Inspection Sat 18 Jan 1:30 pm,,,https://www.realestate.com.au/property-house-vic-officer-146732024
$619K 4Bed H&L,"2398 Mimosa Grange, Clyde",,4,2,2,,263m²,,https://www.realestate.com.au/property-house-vic-clyde-146724168
"$590,900 Full Turnkey + Ready to Build !!!","18 Northumberland Road, Clyde",,3,2,2,,241m²,,https://www.realestate.com.au/property-house-vic-clyde-146709528
"$600,300","Lot 42 Granite Court (Nelson Village Estate), Cranbourne East",,3,2,2,,263m²,,https://www.realestate.com.au/property-house-vic-cranbourne+east-146710608
"$639,100 To $659,100","Lot 131 Creek Circuit, Pakenham",,4,2,2,,325m²,,https://www.realestate.com.au/property-house-vic-pakenham-146686796
"$607,500 To $627,500","Lot 6 Bluebell Way, Officer",,3,2,1,,221m²,,https://www.realestate.com.au/property-house-vic-officer-146687320
"$623,763","Lot 840/45 Rix Road, Officer",,3,2,2,,313m²,,https://www.realestate.com.au/property-house-vic-officer-146655948
"From* $553,145","Lot 4 Trailwater Court, Warragul",,4,2,2,,439m²,,https://www.realestate.com.au/property-house-vic-warragul-146580604
"$599,000 - $649,000","12 Wilkiea Crescent, Cranbourne North",,3,2,1,,263m²,,https://www.realestate.com.au/property-house-vic-cranbourne+north-146566620
"$487,218","Lot 240 Hillcrest Road, Drouin",,3,2,1,,360.4m²,,https://www.realestate.com.au/property-house-vic-drouin-146563440
"$2,388,888 - $2,627,776","10 Showers Avenue, Chelsea",,6,4,2,,,,https://www.realestate.com.au/property-house-vic-chelsea-146555236
"$643,546","Lot 407 Songbird Way, Pakenham",,4,2,2,,350m²,,https://www.realestate.com.au/property-house-vic-pakenham-146558432
"$649,950","33 Ayredale Street, Clyde",,4,2,2,,,,https://www.realestate.com.au/property-house-vic-clyde-146171900
"$567,552","Lot 1031 Adiantum Road, Drouin",,4,2,2,,481m²,,https://www.realestate.com.au/property-house-vic-drouin-146494016
"$607,000","lot 329 Maple Grove Estate, Pakenham",,3,2,2,,256m²,,https://www.realestate.com.au/property-house-vic-pakenham-146408752
$589k - $630k - Full turnkey Home- All inclusive!,"806 Montagna Drive, Clyde",,3,2,1,,132m²,,https://www.realestate.com.au/property-terrace-vic-clyde-146399276
"$529,950","5 Lonark Street, Clyde North",,3,2,1,,200m²,,https://www.realestate.com.au/property-house-vic-clyde+north-146084980
"$649,200 - Fixed Price & Full Turnkey Inclusions","919 Forage Street, Officer South",,3,2,1,,202m²,,https://www.realestate.com.au/property-house-vic-officer+south-146026356
$649K 3Bed Full Turnkey,"852 Bella St, Clyde",,3,2,2,,275m²,,https://www.realestate.com.au/property-house-vic-clyde-146019332
$619K Upgraded Home,"177 Northumberland St, Clyde",,3,2,2,,242m²,,https://www.realestate.com.au/property-house-vic-clyde-146009940
$629K Turnkey Home,"55 Tines Way, Clyde North",,4,2,1,,238m²,,https://www.realestate.com.au/property-house-vic-clyde+north-146009928
"$600,000 to $655,000","27 Trefella Rise, Drouin",,4,2,2,Inspection Sat 18 Jan 12:00 pm,448m²,,https://www.realestate.com.au/property-house-vic-drouin-145932788
"$641,618 Affordable Living in Clyde North!!!","0013 Yardi Way, Clyde North",,3,2,2,,295m²,,https://www.realestate.com.au/property-house-vic-clyde+north-145918988
$645K 4Bed H&L package,"29 Kenmore way, Clyde North",,4,2,2,,294m²,,https://www.realestate.com.au/property-house-vic-clyde+north-145918860
"$628,082 Affordable Dream Home!!","21 Kenmore Way, Clyde North",,3,2,2,,278m²,,https://www.realestate.com.au/property-house-vic-clyde+north-145857412
"$641,618 Affordable Living in Clyde  North!!!","13 Yardi Way, Clyde North",,3,2,2,,295m²,,https://www.realestate.com.au/property-house-vic-clyde+north-145846604
"$618,302 Unbeatable value!!","Lot 35 Kenmore Way, Clyde North",,3,2,2,,275m²,,https://www.realestate.com.au/property-house-vic-clyde+north-145833928
$647K 3Bed Home,"15 Perimeter St, Hampton Park",,3,2,2,,263m²,,https://www.realestate.com.au/property-house-vic-hampton+park-145818440
$649K 3Bed Home,"Lot 15 Perimeter Road, Hampton Park",,3,2,2,,263m²,,https://www.realestate.com.au/property-house-vic-hampton+park-145800460
"$639,400","LOT 246 Vantage Rise, Warragul",,3,2,2,,401m²,,https://www.realestate.com.au/property-house-vic-warragul-145792424
$619K 4Bed Gem,"Lot 2442 Carrera Road, Clyde",,4,2,2,,294m²,,https://www.realestate.com.au/property-house-vic-clyde-145795348
$619K Budget-friendly,"Lot 143 Someford Drive, Clyde North",,4,2,1,,263m²,,https://www.realestate.com.au/property-house-vic-clyde+north-145795336
$642K 4Bed H&L,"149 Someford Drive, Clyde North",,4,2,2,,294m²,,https://www.realestate.com.au/property-house-vic-clyde+north-145795320
$594K Affordable H&L,"141 Somerford Drive, Clyde North",,3,2,2,,263m²,,https://www.realestate.com.au/property-house-vic-clyde+north-145795308
$585K Best H&L Deal,"55 Tines Road, Clyde North",,4,2,1,,238m²,,https://www.realestate.com.au/property-house-vic-clyde+north-145795300
"$566,848","200 Vantage Rise, Warragul",,4,2,2,,407m²,,https://www.realestate.com.au/property-house-vic-warragul-145775924
$639K 4Bed H&L,"249 Villa Doria Road, Clyde North",,4,2,2,,356m²,,https://www.realestate.com.au/property-house-vic-clyde+north-145761164
$639K 4Bed H&L,"122 Yardi Way, Clyde North",,4,2,2,,294m²,,https://www.realestate.com.au/property-house-vic-clyde+north-145761156
$645K 4Bed H&L,"111 Yardi Way, Clyde North",,4,2,2,,313m²,,https://www.realestate.com.au/property-house-vic-clyde+north-145761140
$609K 3Bed H&L,"211 Kenmore Way, Clyde North",,3,2,2,,278m²,,https://www.realestate.com.au/property-house-vic-clyde+north-145761132
$599K 3Bed H&L,"335 Kenmore way, Clyde North",,3,2,2,,275m²,,https://www.realestate.com.au/property-house-vic-clyde+north-145761104
"$647,800","Lot 1026 Adiantum Road, Drouin",,4,2,2,,477m²,,https://www.realestate.com.au/property-house-vic-drouin-145741372
$599K 3Bed H&L,"44 Jessfield Dr, Cranbourne East",,3,2,2,,221m²,,https://www.realestate.com.au/property-house-vic-cranbourne+east-145729004
$629K 4Bed H&L,"Lot 50 Daisy St, Officer",,4,2,2,,294m²,,https://www.realestate.com.au/property-house-vic-officer-145728280
$639K 4Bed H&L,"2249 Villa Doria Drive, Clyde North",,4,2,2,,356m²,,https://www.realestate.com.au/property-house-vic-clyde+north-145728184
"$545,406","245 Vantage Rise, Warragul",,3,2,1,,,,https://www.realestate.com.au/property-house-vic-warragul-145719996
"$630,000 – 667,000","Lot 711 Operetta  Close, Junction Village",,3,2,2,,,,https://www.realestate.com.au/property-house-vic-junction+village-145695976
"$630,000","131 Claremont Drive, Warragul",,4,2,2,,486m²,,https://www.realestate.com.au/property-house-vic-warragul-145662008
$569K 3Bed H&L,"Lot33 Kenmore Way, Clyde North",,3,2,2,,268m²,,https://www.realestate.com.au/property-house-vic-clyde+north-145609072
"From* $628,155","Lot 260 Vantage Rise, Warragul",,4,2,2,,524m²,,https://www.realestate.com.au/property-house-vic-warragul-145613140
$645K 4Bed H&L,"Lot10 Yardi Way, Clyde North",,4,2,2,,313m²,,https://www.realestate.com.au/property-house-vic-clyde+north-145605376
$589K 3Bed H&L,"Lot4 Yardi Way, Clyde North",,3,2,2,,292m²,,https://www.realestate.com.au/property-house-vic-clyde+north-145605348
"$648,300","Lot 243 Vantage Rise, Warragul",,4,2,2,,459m²,,https://www.realestate.com.au/property-house-vic-warragul-145605320
$629K Titled H&L,"30 Daisy St Officer, Officer",,4,2,2,,294m²,,https://www.realestate.com.au/property-house-vic-officer-145570832
$569K H&L Act Fast!!,"130 Jessifield Road, Cranbourne East",,3,2,2,,221m²,,https://www.realestate.com.au/property-house-vic-cranbourne+east-145563220
$585K Best H&L Deal,"16 Tines Way, Clyde North",,3,2,1,,238m²,,https://www.realestate.com.au/property-house-vic-clyde+north-145562572
$598K Act Now!!!,"22 Glebe St, Clyde North",,3,2,2,,265m²,,https://www.realestate.com.au/property-house-vic-clyde+north-145562460
"$551,848","Lot 200 Vantage Rise, Warragul",,3,2,2,,407m²,,https://www.realestate.com.au/property-house-vic-warragul-145547676
,"Lot 341 Chance Way, Clyde North, Vic 3978, Clyde North",,4,2,2,,350m²,,https://www.realestate.com.au/property-house-vic-clyde+north-145516380
$649K Full Turnkey,"332  Shovler St, Clyde North",,4,2,1,,238m²,,https://www.realestate.com.au/property-house-vic-clyde+north-145498596
$599K Total Package,"45 Jessifield Terrace, Cranbourne East",,3,2,2,,220m²,,https://www.realestate.com.au/property-house-vic-cranbourne+east-145483276
$599K Total Package,"610  Montagna Dr, Clyde",,3,2,2,,277m²,,https://www.realestate.com.au/property-house-vic-clyde-145473904
$609K H&L Package,"70 Shearjoy Loop, Clyde North, Clyde North",,3,2,2,,279m²,,https://www.realestate.com.au/property-house-vic-clyde+north-145467000
"$620,000-$660,000","17 Jennifer Court, Pakenham",,4,2,2,,300m²,,https://www.realestate.com.au/property-house-vic-pakenham-145181756
,"Lot 40  Granite Court, Cranbourne East",,3,2,2,,221m²,,https://www.realestate.com.au/property-house-vic-cranbourne+east-145280400
"$636,600","117 Mulcahy  Road, Pakenham",,3,2,1,,284m²,,https://www.realestate.com.au/property-house-vic-pakenham-145261392
"$650,000 - $685,000","25 Kookaburra Grove, Neerim South",,4,2,2,,918m²,,https://www.realestate.com.au/property-house-vic-neerim+south-144844844
$650K PLUS,"LOT 1615 CANOPY ESTATE BE QUICK WILL SELL TODAY, Cranbourne",,4,2,2,,353m²,,https://www.realestate.com.au/property-house-vic-cranbourne-145161076
"$623,974","249 Vantage Rise, Warragul",,4,2,2,,,,https://www.realestate.com.au/property-house-vic-warragul-145148788
"$618,100","248 Vantage Rise, Warragul",,3,2,2,,,,https://www.realestate.com.au/property-house-vic-warragul-145148664
"$596,700","251 Vantage Rise, Warragul",,3,2,1,,,,https://www.realestate.com.au/property-house-vic-warragul-145148748
,"9 Luscombe Avenue, Carrum Downs",,4,2,4,,,,https://www.realestate.com.au/property-house-vic-carrum+downs-144635448
"$613,000 - Fixed price, Full turnkey House & Land!","560 Pompei St, Clyde",,3,2,2,,277m²,,https://www.realestate.com.au/property-house-vic-clyde-144533320
"$613,500 - Great Price - $0 Stamp Duty for FHBs!","Lot 560 Pompei St, Clyde",,3,2,2,,277m²,,https://www.realestate.com.au/property-house-vic-clyde-144495308
$621K Total Turnkey!!!,"21 Jennifer ct, Pakenham",,4,2,2,,318m²,,https://www.realestate.com.au/property-house-vic-pakenham-144379160
"$599,000 - Fixed Price & Full Turnkey Inclusions","1 Deoro Parade, Clyde North",,3,2,1,,180m²,,https://www.realestate.com.au/property-house-vic-clyde+north-144303296
"$648,900 - Fixed Price & Full Turnkey Inclusions","2640 Harlem Way, Berwick",,3,3,1,,234m²,,https://www.realestate.com.au/property-house-vic-berwick-144105524
"$622,300 Full Turnkey Inclusions","Lot 4033 Rondo Circuit, Junction Village",,4,2,2,,221m²,,https://www.realestate.com.au/property-house-vic-junction+village-142995916
"$580,000 - $620,000","53 Melaan  Way, Clyde North",,3,2,1,,,,https://www.realestate.com.au/property-house-vic-clyde+north-142821440
"$599,880 - Full turnkey Home- All inclusions!","Lot 1107 Dalhalla Cct, Clyde North",,3,2,2,,,,https://www.realestate.com.au/property-house-vic-clyde+north-142569992
"$599,990 - Titled Land - LIMITED TIME OFFER!","49 Shearjoy St, Clyde North",,3,2,2,,263m²,,https://www.realestate.com.au/property-house-vic-clyde+north-142288676
"$619,900 Full Turnkey Inclusions","Lot 571 Sawmiller Street, Officer",,3,2,2,,231m²,,https://www.realestate.com.au/property-house-vic-officer-140944328
"$599,900 Full Turnkey Inclusions","Lot 224 Maple Grove, Nar Nar Goon North",,3,2,1,,262m²,,https://www.realestate.com.au/property-house-vic-nar+nar+goon+north-140593175