Price,Address,Property Type,Beds,Baths,Car,Inspection Time,Sold Date,Agent,RE_URL
"$640,000 - $670,000","34 Hastings Square, Warragul",House,4,2,2,,,Daniel Sheehan,https://www.realestate.com.au/property-house-vic-warragul-146046236
"$600,000-$660,000","18 Paramount Way, Pakenham",House,3,2,2,,,Jess Ostrom,https://www.realestate.com.au/property-house-vic-pakenham-146024624
"$440,000 - $480,000","24 Luella Lane, Pakenham",House,3,2,1,,,Darsh Naidoo,https://www.realestate.com.au/property-house-vic-pakenham-146186844
"$640,000 - $680,000","2 Jane Court, Drouin",House,4,2,2,,,Jo Cappola,https://www.realestate.com.au/property-house-vic-drouin-146639388
"$639,000","8 Kurrajong Road, Warragul",House,4,2,2,,,Stuart Brock,https://www.realestate.com.au/property-house-vic-warragul-145410932
"$650,000 - $715,000","10 Fairlane Court, Cranbourne East",House,3,2,2,,,Mina Saad,https://www.realestate.com.au/property-house-vic-cranbourne+east-145535560
"$580,000 - $620,000","10 Bohemia Crescent, Pakenham",House,3,2,1,,,Jamie O'Halloran,https://www.realestate.com.au/property-house-vic-pakenham-146184468
"$575,000 - $595,000","15 Hatfield Drive, Drouin",House,3,2,1,,,Libby Talbot,https://www.realestate.com.au/property-house-vic-drouin-146336616
$620 000 - $660 000,"40 Cook Street, Drouin",House,4,2,2,,,Brad Boyde,https://www.realestate.com.au/property-house-vic-drouin-146182208
$600K-$660K! Brand New! Premium Built!,"8 Orana Boulevard, Clyde North",House,3,2,2,,,Aseem Jhanji,https://www.realestate.com.au/property-house-vic-clyde+north-146636140
"$545,000 - $595,000","9 Eminence Drive, Cranbourne West",House,3,2,1,,,Chaminda Gunasekara,https://www.realestate.com.au/property-house-vic-cranbourne+west-146485560
"$645,000 - $660,000","10 Arwon Street, Drouin",House,4,2,2,,,Jo Cappola,https://www.realestate.com.au/property-house-vic-drouin-146180372
"$600,000 - $650,000","1 Helena Court, Frankston",House,4,2,1,,,John Walsh,https://www.realestate.com.au/property-house-vic-frankston-146179584
"$620,000  - $640,000","5 Kenneth Court, Neerim South",House,4,2,2,,,Sarah Francis,https://www.realestate.com.au/property-house-vic-neerim+south-144669060
"$629,000","2/64 Clifford Street, Warragul",House,3,2,1,,,Phil Gallagher,https://www.realestate.com.au/property-house-vic-warragul-146331152
"$595,000 - $650,000","21 Egret Way, Pakenham",House,3,2,2,,,Sam Paynter,https://www.realestate.com.au/property-house-vic-pakenham-146632224
,"3 Sabot Street, Clyde North",House,3,2,2,,,Dilshan Wijerathna,https://www.realestate.com.au/property-house-vic-clyde+north-145907276
"$575,000 - $625,000","11 Ballast Drive, Warragul",House,4,2,2,,,Dale Atkin,https://www.realestate.com.au/property-house-vic-warragul-146632000
"$630,000 - $690,000","26 Barcelona Avenue, Clyde North",House,3,2,2,,,Vikram Dhankhar,https://www.realestate.com.au/property-house-vic-clyde+north-146327912
"$600,000 - $650,000","8 Glory Street, Clyde North",House,3,2,2,,,Nick Kaura,https://www.realestate.com.au/property-house-vic-clyde+north-145782072
Must Sell! $549K-$599K! No Body Corp!,"7 Poplar Lane, Clyde",House,3,2,2,,,Aseem Jhanji,https://www.realestate.com.au/property-house-vic-clyde-144920628
"$640,000-$675,000","12 Gloucester Place, Warragul",House,3,2,2,,,Tyler Hogan,https://www.realestate.com.au/property-house-vic-warragul-146628612
"$600,000-$650,000","6 Dot Court, Drouin",House,4,2,2,,,Kim Durrand,https://www.realestate.com.au/property-house-vic-drouin-145524400
$645 000 - $695 000,"9 Sadleria Street, Drouin",House,4,2,2,,,Brad Boyde,https://www.realestate.com.au/property-house-vic-drouin-145401060
"$640,000 - $670,000","34 Hastings Square, Warragul",House,4,2,2,,,Daniel Sheehan,https://www.realestate.com.au/property-house-vic-warragul-146046236
"$600,000-$660,000","18 Paramount Way, Pakenham",House,3,2,2,,,Jess Ostrom,https://www.realestate.com.au/property-house-vic-pakenham-146024624
"$440,000 - $480,000","24 Luella Lane, Pakenham",House,3,2,1,,,Darsh Naidoo,https://www.realestate.com.au/property-house-vic-pakenham-146186844
"$640,000 - $680,000","2 Jane Court, Drouin",House,4,2,2,,,Jo Cappola,https://www.realestate.com.au/property-house-vic-drouin-146639388
"$639,000","8 Kurrajong Road, Warragul",House,4,2,2,,,Stuart Brock,https://www.realestate.com.au/property-house-vic-warragul-145410932
"$650,000 - $715,000","10 Fairlane Court, Cranbourne East",House,3,2,2,,,Mina Saad,https://www.realestate.com.au/property-house-vic-cranbourne+east-145535560
"$580,000 - $620,000","10 Bohemia Crescent, Pakenham",House,3,2,1,,,Jamie O'Halloran,https://www.realestate.com.au/property-house-vic-pakenham-146184468
"$575,000 - $595,000","15 Hatfield Drive, Drouin",House,3,2,1,,,Libby Talbot,https://www.realestate.com.au/property-house-vic-drouin-146336616
$620 000 - $660 000,"40 Cook Street, Drouin",House,4,2,2,,,Brad Boyde,https://www.realestate.com.au/property-house-vic-drouin-146182208
$600K-$660K! Brand New! Premium Built!,"8 Orana Boulevard, Clyde North",House,3,2,2,,,Aseem Jhanji,https://www.realestate.com.au/property-house-vic-clyde+north-146636140
"$545,000 - $595,000","9 Eminence Drive, Cranbourne West",House,3,2,1,,,Chaminda Gunasekara,https://www.realestate.com.au/property-house-vic-cranbourne+west-146485560
"$645,000 - $660,000","10 Arwon Street, Drouin",House,4,2,2,,,Jo Cappola,https://www.realestate.com.au/property-house-vic-drouin-146180372
"$600,000 - $650,000","1 Helena Court, Frankston",House,4,2,1,,,John Walsh,https://www.realestate.com.au/property-house-vic-frankston-146179584
"$620,000  - $640,000","5 Kenneth Court, Neerim South",House,4,2,2,,,Sarah Francis,https://www.realestate.com.au/property-house-vic-neerim+south-144669060
"$629,000","2/64 Clifford Street, Warragul",House,3,2,1,,,Phil Gallagher,https://www.realestate.com.au/property-house-vic-warragul-146331152
"$595,000 - $650,000","21 Egret Way, Pakenham",House,3,2,2,,,Sam Paynter,https://www.realestate.com.au/property-house-vic-pakenham-146632224
,"3 Sabot Street, Clyde North",House,3,2,2,,,Dilshan Wijerathna,https://www.realestate.com.au/property-house-vic-clyde+north-145907276
"$575,000 - $625,000","11 Ballast Drive, Warragul",House,4,2,2,,,Dale Atkin,https://www.realestate.com.au/property-house-vic-warragul-146632000
"$630,000 - $690,000","26 Barcelona Avenue, Clyde North",House,3,2,2,,,Vikram Dhankhar,https://www.realestate.com.au/property-house-vic-clyde+north-146327912
"$600,000 - $650,000","8 Glory Street, Clyde North",House,3,2,2,,,Nick Kaura,https://www.realestate.com.au/property-house-vic-clyde+north-145782072
Must Sell! $549K-$599K! No Body Corp!,"7 Poplar Lane, Clyde",House,3,2,2,,,Aseem Jhanji,https://www.realestate.com.au/property-house-vic-clyde-144920628
"$640,000-$675,000","12 Gloucester Place, Warragul",House,3,2,2,,,Tyler Hogan,https://www.realestate.com.au/property-house-vic-warragul-146628612
"$600,000-$650,000","6 Dot Court, Drouin",House,4,2,2,,,Kim Durrand,https://www.realestate.com.au/property-house-vic-drouin-145524400
$645 000 - $695 000,"9 Sadleria Street, Drouin",House,4,2,2,,,Brad Boyde,https://www.realestate.com.au/property-house-vic-drouin-145401060
"$600,000 - $660,000","101 Bona Vista Rise, Clyde",House,3,2,2,,,Isha Dhillon,https://www.realestate.com.au/property-house-vic-clyde-146627644
"$550,000 - $605,000","32 Obrien Parade, Pakenham",House,3,2,2,,,Ron Marshall,https://www.realestate.com.au/property-house-vic-pakenham-146171204
"$590,000 - $649,000","5 Cassa Blue Circuit, Narre Warren",House,3,2,2,Inspection Thu 19 Dec 12:00 pm,,Luke McCandless,https://www.realestate.com.au/property-house-vic-narre+warren-146627520
"$540,000 - $590,000","10 Haakman Way, Pakenham",House,3,2,2,,,Barry McMurchie and Christine Quarrie,https://www.realestate.com.au/property-house-vic-pakenham-146626756
$599K - $658K Brand New!,"6  Kamet Street, Clyde",House,4,2,1,,,Madhawa Hewawasam,https://www.realestate.com.au/property-house-vic-clyde-146753008
"$580,00 - $630,000","8 Frogmores Street, Pakenham",House,3,2,2,,,Suraj Samaranayake,https://www.realestate.com.au/property-house-vic-pakenham-145398356
"$600,000 - $660,000","8 Freshman Avenue, Clyde",House,3,2,1,,,Madhawa Hewawasam,https://www.realestate.com.au/property-house-vic-clyde-146752184
"$620,000 to $669,000","73 Walker Drive, Drouin",House,4,2,4,,,Candice Hill,https://www.realestate.com.au/property-house-vic-drouin-145521192
"$590,000 - $649,000 NEW PRICE!!!","62 Pound Road, Hampton Park",House,3,2,1,,,Rowan Reddy,https://www.realestate.com.au/property-house-vic-hampton+park-146319780
"$590,000 - $649,000","2 Bambury Close, Koo Wee Rup",House,4,2,2,,,Mark Sewell,https://www.realestate.com.au/property-house-vic-koo+wee+rup-146471580
"$530,000 - $580,000","2/341 Rossiter Road, Koo Wee Rup",House,3,2,2,,,Sarah McCallum,https://www.realestate.com.au/property-house-vic-koo+wee+rup-146167716
"$650,000 - $715,000","29 Andante Crescent, Clyde",House,4,2,2,,,Tahnee Morgan,https://www.realestate.com.au/property-house-vic-clyde-146750300
"$640,000 - $699,000","159 McGlone Road, Drouin",House,4,2,2,,,Matt Smith,https://www.realestate.com.au/property-house-vic-drouin-146467396
$549k - $599k No Body Corp & Brand New,"5  Seve Walk, Clyde North",House,3,2,2,,,Madhawa Hewawasam,https://www.realestate.com.au/property-house-vic-clyde+north-146318332
"$639,000-$699,000","1 Elmsford Crescent, Cranbourne West",House,3,2,2,,,Hardeep Singh,https://www.realestate.com.au/property-house-vic-cranbourne+west-146470284
"$565,000 - $620,000","44 Meadowbrook Crescent, Warragul",House,4,2,2,,,Chris Hill,https://www.realestate.com.au/property-house-vic-warragul-146165240
"$630,000 - $670,000","12 Jessfield Terrace, Cranbourne East",House,4,2,1,,,Shan Dias,https://www.realestate.com.au/property-house-vic-cranbourne+east-146746848
"$535,000 - $580,000","16 Sutherland Way, Drouin",House,3,2,2,,,Jo Cappola,https://www.realestate.com.au/property-house-vic-drouin-146618248
,"62 Gardenia Street, Pakenham",House,3,2,2,,,Amanda Claridge,https://www.realestate.com.au/property-house-vic-pakenham-146746708
"$630,000 - $693,000","3/2-4 Edinburgh Drive, Beaconsfield",House,3,2,1,,,Candice Hill,https://www.realestate.com.au/property-house-vic-beaconsfield-146746528
"$595,000 - $630,000","12 Cherry Tree Lane, Clyde",House,3,2,2,,,Yasantha De Silva,https://www.realestate.com.au/property-house-vic-clyde-146745932
"$640,000 - $665,000","15 Unison Drive, Clyde",House,4,2,1,Inspection tomorrow 6:00 pm,,Nick Kaura,https://www.realestate.com.au/property-house-vic-clyde-146616836
"$599,000","22 Grange Crescent, Warragul",House,4,2,2,,,Stuart Brock,https://www.realestate.com.au/property-house-vic-warragul-146745140
"$640,000 - $680,000","46 Montague Avenue, Drouin",House,4,2,2,,,Sam Visca,https://www.realestate.com.au/property-house-vic-drouin-146744780
,"12 Carisbrooke Way, Clyde North",House,4,2,2,,,Sam Singh,https://www.realestate.com.au/property-house-vic-clyde+north-146743440
"$550,000 - $605,000","5 Malcolm Crt, Pakenham",House,3,2,2,,,Amanda Claridge,https://www.realestate.com.au/property-house-vic-pakenham-146840784
"$650,000 - $670,000","12-14 Parsons Street, Warragul",House,3,2,2,,,Stuart Sheppard,https://www.realestate.com.au/property-house-vic-warragul-145634716
"$575,000 - $630,000","49 Viridian Avenue, Officer",House,3,2,1,,,Brad Townsend,https://www.realestate.com.au/property-house-vic-officer-146611356
"$640,000 - $700,000","21 Bundy Court, Frankston North",House,4,2,3,,,Cameron McCullough,https://www.realestate.com.au/property-house-vic-frankston+north-146742832
"$600,000 - $660,000","6 Pennine Circuit, Officer",House,3,2,2,Inspection Tue 17 Dec 5:00 pm,,Gavin Staindl,https://www.realestate.com.au/property-house-vic-officer-146611792
"$ 600,000 to $ 650,000","14 Bradley Court, Hampton Park",House,3,2,2,,,Rohullah Naim,https://www.realestate.com.au/property-house-vic-hampton+park-146742244
,"11 CRADLE AVENUE, Clyde",House,3,2,2,,,Disha Sachdeva,https://www.realestate.com.au/property-house-vic-clyde-146742220
"$570,000 - $600,000","38 Ayesha Rise, Pakenham",House,3,2,3,,,Najeeb Olomi,https://www.realestate.com.au/property-house-vic-pakenham-145767288
"$600,000 - $660,000","18 Discovery Street, Pakenham",House,3,2,2,,,Gavin Staindl,https://www.realestate.com.au/property-house-vic-pakenham-146741964
,"57 Fallingwater Drive, Pakenham",House,3,2,2,,,Cooper Sheppard,https://www.realestate.com.au/property-house-vic-pakenham-146741716
"$539,000 - $559,000","1 Orchard Court, Drouin",House,3,2,2,,,Natalie Hodge,https://www.realestate.com.au/property-house-vic-drouin-146571148
"$620,000-$680,000","88 Police Road, Springvale",House,3,2,2,,,Chris Zhang,https://www.realestate.com.au/property-house-vic-springvale-146306576
"$599,000-$658,000! Must Inspect!","20 Pamplona Way, Clyde North",House,3,2,1,,,Aseem Jhanji,https://www.realestate.com.au/property-house-vic-clyde+north-146838992
"$640,000 - $699,000  - BRAND NEW + $10,000 FHBG","5 Valberg Way, Pakenham",House,4,2,1,,,Vitaldi Cooray,https://www.realestate.com.au/property-house-vic-pakenham-146456840
"$580,000 - $638,000","22 Tassell Drive, Warragul",House,4,3,2,,,Tahnee Morgan,https://www.realestate.com.au/property-house-vic-warragul-146838652
"$600,000 - $660,000","27 Bollen Way, Koo Wee Rup",House,3,2,2,,,Amanda Claridge,https://www.realestate.com.au/property-house-vic-koo+wee+rup-146838200
"$599,000 - $658,000","380 Rix Road, Beaconsfield",House,3,3,2,,,Sherman Buca-Salvador,https://www.realestate.com.au/property-house-vic-beaconsfield-146456076
"$640,000 - $704,000","24 Wilkiea Crescent, Cranbourne North",House,4,2,2,Inspection Wed 18 Dec 6:00 pm,,Habib Sultani,https://www.realestate.com.au/property-house-vic-cranbourne+north-146739032
"$620,000-$660,000","31 Salvia Avenue, Pakenham",House,4,2,2,,,Daniel Exposito,https://www.realestate.com.au/property-house-vic-pakenham-146606172
,"8 Featherflower Way, Officer",House,3,2,2,,,Sam Noorbakhsh,https://www.realestate.com.au/property-house-vic-officer-146606092
"$580,000 - $638,000","2 Chaucer Way, Drouin",House,4,2,2,,,Candice Hill,https://www.realestate.com.au/property-house-vic-drouin-146454616
"NEW LOTS FROM $361,900!!!","164 Army Road, Pakenham",Other,3,2,2,,,Metin Aziret,https://www.realestate.com.au/property-other-vic-pakenham-146836812
"$640,000 - $700,000","27 McEwan Drive, Cranbourne East",House,3,2,2,,,Sorush Nazari,https://www.realestate.com.au/property-house-vic-cranbourne+east-146737628
"$650,000 - $699,000","30 Meadows Drive, Officer",House,3,2,1,,,Liza Hickey,https://www.realestate.com.au/property-house-vic-officer-146603832
"$595,000 - $645,000","82 Cook Street, Drouin",House,4,2,2,,,Elise Davidson,https://www.realestate.com.au/property-house-vic-drouin-146603604
"$590,000 - $639,000","35 Edgar Avenue, Cranbourne South",House,3,2,1,,,Aarryn Cooper,https://www.realestate.com.au/property-house-vic-cranbourne+south-146736708
"$625,000 to $687,500","21A Tarata Drive, Doveton",House,4,2,2,,,Daniel Farrugia,https://www.realestate.com.au/property-house-vic-doveton-144638724
"$650,000 - $715,000","2 Trewin Court, Narre Warren",House,4,2,2,,,Kylah Fruend,https://www.realestate.com.au/property-house-vic-narre+warren-146735848
"$650,000 $715,000","44 Walker Drive, Drouin",House,4,2,2,,,Jason Dowler,https://www.realestate.com.au/property-house-vic-drouin-145152896
"$640,000 - $685,000","113 Billy Buttons Drive, Narre Warren",House,3,2,2,,,Vincent Lim,https://www.realestate.com.au/property-house-vic-narre+warren-145382820
"$540,000 - $590,000","2/47 Upton Crescent, Narre Warren",House,3,2,2,,,Kylah Fruend,https://www.realestate.com.au/property-house-vic-narre+warren-146724800
"$567,094","Lot 4905 Willey Road, Clyde North",House,3,2,1,,,Alex Noulas,https://www.realestate.com.au/property-house-vic-clyde+north-146814980
"$599,000 - $658,000 AUCTION THIS SATURDAY @ 4:30PM","29 Tamarind Road, Cranbourne North",House,4,2,1,,,Param Jandawar,https://www.realestate.com.au/property-house-vic-cranbourne+north-146689064
,"11 Emanda Lane, Clyde North",House,3,2,2,,,Dilshan Wijerathna,https://www.realestate.com.au/property-house-vic-clyde+north-146031896
"$649,000 - $699,000","22 Ironstone Street, Cranbourne East",House,4,2,2,,,Karan Singh,https://www.realestate.com.au/property-house-vic-cranbourne+east-146732940
"$550,000 - $590,000","116 Henry Street, Pakenham",House,3,2,2,,,Gavin Staindl,https://www.realestate.com.au/property-house-vic-pakenham-145757300
"$600,000 - $660,000","9 Hillgrove Close, Warragul",House,4,2,2,,,Brad Townsend,https://www.realestate.com.au/property-house-vic-warragul-146731992
$650K - $700K! NEW & FULLY UPGRADED,"17 Amadeus Street, Clyde",House,4,2,2,,,Vas Selvaraj,https://www.realestate.com.au/property-house-vic-clyde-146030708
"$590,000 - $649,000","4 Grevillea Street, Doveton",House,3,2,1,,,Mohammad Shafai,https://www.realestate.com.au/property-house-vic-doveton-146597784
"$619,000 - $669,000","51 Benoit Circuit, Clyde North",House,3,2,1,,,Raj Kumar,https://www.realestate.com.au/property-house-vic-clyde+north-146732004
"$480,000 - $520,000","15/1 Eades Street, Officer",House,3,2,1,,,Liza Hickey,https://www.realestate.com.au/property-house-vic-officer-146731704
"$560,000 - $615,000","3 John Street, Koo Wee Rup",House,3,2,2,,,Mark Sewell,https://www.realestate.com.au/property-house-vic-koo+wee+rup-146832764
"$600,000 - $660,000","30 Kooyong Close, Officer",House,3,2,2,,,Gavin Staindl,https://www.realestate.com.au/property-house-vic-officer-146731088
,"6 Masterton Place, Cranbourne East",House,3,2,4,Inspection Tue 17 Dec 6:00 pm,,Leon D'Penha,https://www.realestate.com.au/property-house-vic-cranbourne+east-146596516
"$600,000 - $660,000","5 Palladium Boulevard, Drouin",House,4,2,2,,,Matt Smith,https://www.realestate.com.au/property-house-vic-drouin-146596392
"$640,000 - $680,000","35 Macquarie Circuit, Pakenham",House,4,2,2,Inspection Tue 17 Dec 3:45 pm,,Peter Diamantakis,https://www.realestate.com.au/property-house-vic-pakenham-146730448
"$599,900 - FULL TURNKEY INCLUSIONS","Lot 213 Creek Circuit, Pakenham",House,4,2,2,,,Jon Terolli,https://www.realestate.com.au/property-house-vic-pakenham-146028392
"$600,000 - $660,000","26 Bollen Way, Koo Wee Rup",House,3,2,2,Inspection Wed 18 Dec 6:30 pm,,Stephen Marsh,https://www.realestate.com.au/property-house-vic-koo+wee+rup-146831680
"$650,000 - $715,000","23 Bollen Way, Koo Wee Rup",House,4,2,3,,,Mark Sewell,https://www.realestate.com.au/property-house-vic-koo+wee+rup-146728612
"$650,000 - $715,000","9 Leonard Court, Pakenham",House,4,2,2,,,Peter Blackwood,https://www.realestate.com.au/property-house-vic-pakenham-146830548
"$620,000 - $680,000","11 Austen Avenue, Officer",House,3,2,1,,,Liza Hickey,https://www.realestate.com.au/property-house-vic-officer-146727832
"$640,000-$680,000 Forthcoming Auction","65 Rosslyn Avenue, Seaford",House,3,2,2,,,Daniel Keleher,https://www.realestate.com.au/property-house-vic-seaford-146830224
"$520,000 to $572,000","10 Balladonia Gum Circuit, Lyndhurst",House,4,2,2,,,Khaled Arabzadeh,https://www.realestate.com.au/property-house-vic-lyndhurst-146829708
"$645,000 - $695,000","18 Caspian Chase, Pakenham",House,4,2,2,,,Andrew Carlow,https://www.realestate.com.au/property-house-vic-pakenham-146726492
"$599,000 - $639,000","79 Eagle Drive, Pakenham",House,3,2,2,,,Sam Visca,https://www.realestate.com.au/property-house-vic-pakenham-146724652
"$650,000 - $695,000","44a John Street, Pakenham",House,3,2,2,,,Damien St Louis,https://www.realestate.com.au/property-house-vic-pakenham-145884392
"$580,000 to $ 620,000","4 Marquis Court, Pakenham",House,3,2,4,,,Tadesse Jarra Berisso,https://www.realestate.com.au/property-house-vic-pakenham-146587896
"$620,000 - $660,000","4A Ti-Tree Drive, Doveton",House,3,2,4,,,Dez Mujcic,https://www.realestate.com.au/property-house-vic-doveton-146587784
"$650,000 to $695,000","14 Tekarra Drive, Hampton Park",House,3,2,2,,,Khaled Arabzadeh,https://www.realestate.com.au/property-house-vic-hampton+park-146826600
"$650,000 - $695,000","21 Victoria Place, Pakenham",House,4,2,2,,,Matt Clark,https://www.realestate.com.au/property-house-vic-pakenham-146586944
"$520,000 - $572,000","1 Arnica Close, Hampton Park",House,3,2,2,,,Javid Zada,https://www.realestate.com.au/property-house-vic-hampton+park-146825984
"$649,000","21 Golden Avenue, Warragul",House,4,2,2,,,Geoff Quirk,https://www.realestate.com.au/property-house-vic-warragul-146722700
"$620,000 - $660,000","8  Birch Court, Warragul",House,4,2,2,,,Clare Rocke,https://www.realestate.com.au/property-house-vic-warragul-146019964
"$630,000-$693,000 - Corner Block.","5 Valley Road, Frankston",House,3,2,2,,,Luke Magree,https://www.realestate.com.au/property-house-vic-frankston-146560908
"$600,000 - $660,000","29A Scotsburn Way, Endeavour Hills",House,3,2,1,Inspection Tue 17 Dec 5:30 pm,,Rohin Arora,https://www.realestate.com.au/property-house-vic-endeavour+hills-146721740
"$650,000 - $715,000","8 Hopkins Street, Clyde",House,4,2,2,,,Isha Dhillon,https://www.realestate.com.au/property-house-vic-clyde-146197168
"$630,000 to $650,000","40 Pepper Crescent, Drouin",House,4,2,2,,,Stuart Brock,https://www.realestate.com.au/property-house-vic-drouin-144758528
"$595,000 - $635,000","42 Sienna Way, Pakenham",House,3,2,2,,,Andrew Carlow,https://www.realestate.com.au/property-house-vic-pakenham-146584712
"$580,000 - $620,000","8 Brodie Mews, Beaconsfield",House,3,2,1,Inspection tomorrow 5:00 pm,,Lily Young,https://www.realestate.com.au/property-house-vic-beaconsfield-146812228
"$565,000 - $620,000 - BY APPOINTMENT ONLY","6 Angus Court, Pakenham",House,3,2,1,,,Stacey Woodfield,https://www.realestate.com.au/property-house-vic-pakenham-145876996
"$590,000 - $640,000","6 Weir Terrace, Officer",House,4,2,1,,,Gavin Staindl,https://www.realestate.com.au/property-house-vic-officer-146823572
,"17 Botham Crescent, Pakenham",House,4,2,2,,,Pardeep Singh,https://www.realestate.com.au/property-house-vic-pakenham-146016712
"$640,000 - $670,000","21 Boyd Avenue, Warragul",House,4,2,2,,,Stephanie Nash,https://www.realestate.com.au/property-house-vic-warragul-146657612
"$630,000 - $680,000","53 Valencia Circuit, Cranbourne",House,3,2,2,,,Darren Saxon,https://www.realestate.com.au/property-house-vic-cranbourne-146582880
"$620,000 - $680,000","3 Farmdale Road, Pakenham",House,4,2,2,,,Daniel Boyle,https://www.realestate.com.au/property-house-vic-pakenham-146821964
"$640,000 - $680,000","22 Bronnie Street, Clyde North",House,4,2,2,,,Ben Duke,https://www.realestate.com.au/property-house-vic-clyde+north-146812484
"$640,000 - $680,000","12 Pirita Place, Cranbourne West",House,4,2,2,,,Ben Doughton,https://www.realestate.com.au/property-house-vic-cranbourne+west-146716804
,"14 Honeybrook Lane, Clyde",House,3,2,2,,,Dilshan Wijerathna,https://www.realestate.com.au/property-house-vic-clyde-146564852
"$620,000 - $660,000","15 Laburnum Grove, Doveton",House,3,2,2,Inspection Wed 18 Dec 5:00 pm,,Fatima Rezai,https://www.realestate.com.au/property-house-vic-doveton-144511616
"$630,000 - $693,000","6 Magenta Street, Clyde North",House,4,2,2,,,Tony Muaremov,https://www.realestate.com.au/property-house-vic-clyde+north-146715808
"$580,000 - $620,000","10 Maidenhair Drive, Warragul",House,4,2,2,,,Dave Clark,https://www.realestate.com.au/property-house-vic-warragul-146819724
"$600,000 - $660,000","3 Wicket Road, Clyde",House,3,2,2,,,Jonathan Mallas,https://www.realestate.com.au/property-house-vic-clyde-146715624
"$650,000 - $710,000","12/290 Centre Road, Narre Warren South",House,3,2,2,Inspection Wed 18 Dec 5:30 pm,,Joanne O'Connor,https://www.realestate.com.au/property-house-vic-narre+warren+south-146819480
"$630,000 - $690,000","2 Viewside Way, Hampton Park",House,3,2,2,Inspection tomorrow 9:30 am,,Nalaka Weerakoon,https://www.realestate.com.au/property-house-vic-hampton+park-146819256
"$650,000 = $700,000 AUCTION (UNLESS SOLD PRIOR)","58 Villager Street, Cranbourne East",House,4,2,4,,,Myles Johansson,https://www.realestate.com.au/property-house-vic-cranbourne+east-146578044
"$650,000 - $715,000","8 Azure Court, Pakenham",House,3,2,2,,,Tain Bartholomew,https://www.realestate.com.au/property-house-vic-pakenham-146818560
"$620,000 - $680,000","12 Clarendon Street, Pakenham",House,3,2,2,,,Fabian Villella,https://www.realestate.com.au/property-house-vic-pakenham-146818504
"$585,000 - $630,000","2 Harlesden Circuit, Pakenham",House,3,2,2,,,Troy Farrell,https://www.realestate.com.au/property-house-vic-pakenham-146781360
"$570,000 - $620,000","35 Sandy Road, Officer",House,3,2,2,,,Terri Fellows,https://www.realestate.com.au/property-house-vic-officer-146713944
"$550,000 - $600,000","3 Aileron Alley, Cranbourne North",House,3,2,2,,,Marsh Schwallie,https://www.realestate.com.au/property-house-vic-cranbourne+north-146713772
"$570,000 - $625,000","3 Zeppelin Way, Beaconsfield",House,3,2,1,,,Michael Panayi,https://www.realestate.com.au/property-house-vic-beaconsfield-146713444
$620K - $650K! Plans and Permits 3 Townhouses,"14 Roma Avenue, Cranbourne",House,3,2,5,,,Vas Selvaraj,https://www.realestate.com.au/property-house-vic-cranbourne-146297016
"$599,000 - $658,900","4 Cercis Court, Doveton",House,3,2,1,,,Habib Sultani,https://www.realestate.com.au/property-house-vic-doveton-146147872
"$579,000","1/5 Karrala Court, Drouin",House,3,2,3,,,Clare Rocke,https://www.realestate.com.au/property-house-vic-drouin-144247880
"$600,000-$650,000","20 Western Barred Place, Longwarry",House,4,2,2,,,Shane Candappa,https://www.realestate.com.au/property-house-vic-longwarry-146294956
"$600,300","Lot 42 Granite Court (Nelson Village Estate), Cranbourne East",House,3,2,2,,,Jerome Duchenne,https://www.realestate.com.au/property-house-vic-cranbourne+east-146710608
$610K-$660K! Guest Bed Downstairs! Meridian,"16 Portobello Boulevard, Clyde North",House,4,3,2,,,Aseem Jhanji,https://www.realestate.com.au/property-house-vic-clyde+north-146292440
"$580,000 - $620,000","119 Willow Glen Boulevard, Cranbourne",House,3,2,2,,,Sushant Gupta,https://www.realestate.com.au/property-house-vic-cranbourne-146709084
"$649,000 - $675,000","2 Catees Street, Clyde North",House,3,2,2,Inspection Tue 17 Dec 5:00 pm,,Nandana Peiris,https://www.realestate.com.au/property-house-vic-clyde+north-145860868
"$550,000 - $570,000","41 Proctor Road, Longwarry",House,3,2,2,,,Karen McCormick,https://www.realestate.com.au/property-house-vic-longwarry-146438756
"$625,000 to $675,000","1 Lemon Thyme Way, Lynbrook",House,3,2,1,,,James Fernando,https://www.realestate.com.au/property-house-vic-lynbrook-145997220
"$580,000 - $620,000","23 Pendula Place, Pakenham",House,3,2,2,,,Sam Paynter,https://www.realestate.com.au/property-house-vic-pakenham-146812480
"$560,000-$616,000","21 Mortdale Lane, Clyde North",House,3,2,2,,,Kartik Sangani,https://www.realestate.com.au/property-house-vic-clyde+north-146812308
"$625,000-$650,000","37 Emberwood Road, Warragul",House,4,2,2,,,Kim Durrand,https://www.realestate.com.au/property-house-vic-warragul-146812284
,"15 Cabernet Way, Pakenham",House,3,2,2,,,Vicky Singh,https://www.realestate.com.au/property-house-vic-pakenham-146472480
"$650,000 - $715,000","26 Maddock Drive, Cranbourne East",House,3,2,2,,,Mina Saad,https://www.realestate.com.au/property-house-vic-cranbourne+east-146287520
"$535,000 - $579,500","14A Henry Street, Koo Wee Rup",House,3,2,2,,,Paul Ringeri,https://www.realestate.com.au/property-house-vic-koo+wee+rup-146286724
"$589,000-$647,000( Must Sell at Auction)","5 Charlotte Place, Cranbourne West",House,4,2,2,,,Sanjay Singh,https://www.realestate.com.au/property-house-vic-cranbourne+west-146438088
,"162 Monahans Road, Cranbourne",House,3,2,5,,,Navii Sarai,https://www.realestate.com.au/property-house-vic-cranbourne-146430740
"$640,000-$690,000-East Facing!","59 Patrobas Loop, Cranbourne East",House,3,2,2,,,Manpreet Khangura,https://www.realestate.com.au/property-house-vic-cranbourne+east-145489916
"$590,000","3/15 Mill Street, Pakenham",House,3,2,2,,,Rachael Woodham,https://www.realestate.com.au/property-house-vic-pakenham-145239272
"$620,000 - $680,000","12 Frances Court, Cranbourne",House,3,2,2,,,Leon Zuidema,https://www.realestate.com.au/property-house-vic-cranbourne-146772132
"$675,000 - $740,000","9 Jefferson Avenue, Cranbourne North",House,4,2,2,,,Manu Sandhu,https://www.realestate.com.au/property-house-vic-cranbourne+north-145853596
"$649,000","6 Blue Gum Drive, Warragul",House,3,2,2,,,Geoff Quirk,https://www.realestate.com.au/property-house-vic-warragul-145989552
"$650,000 - $715,000","29 Pitfield Avenue, Cranbourne East",House,4,2,2,,,Jonathan Walker,https://www.realestate.com.au/property-house-vic-cranbourne+east-146434368
$650000,"1/12 Shaftesbury Street, Frankston",House,3,2,2,,,Terry Wheeler,https://www.realestate.com.au/property-house-vic-frankston-144989996
"$590,000 - $640,000","10 Clifford Drive, Drouin",House,3,2,2,,,Braeden Robbins,https://www.realestate.com.au/property-house-vic-drouin-146808288
"$650,000","29 Sinclair Street, Warragul",House,3,2,4,,,Peter Heathcote,https://www.realestate.com.au/property-house-vic-warragul-146433708
"$579,000 - $629,000","27 Bourbon Road, Cranbourne East",House,4,2,2,Inspection Thu 19 Dec 5:30 pm,,Andy Choi,https://www.realestate.com.au/property-house-vic-cranbourne+east-146807612
"$620,000 - $675,000","25 TREFELLA RISE, Drouin",House,4,2,3,,,Aman Singh,https://www.realestate.com.au/property-house-vic-drouin-145486064
"$490,000-$510,000(MUST SELL!!!)","26 Ollie Place, Cranbourne East",House,3,2,1,,,Sanjay Singh,https://www.realestate.com.au/property-house-vic-cranbourne+east-146129156
$540 000 - $580 000,"14 Western Barred Place, Longwarry",House,3,2,2,,,Brad Boyde,https://www.realestate.com.au/property-house-vic-longwarry-144506740
"$570,000 to $627,000 MUST SELL","18 Cumberland Chase, Hampton Park",House,3,2,2,,,Ni Ma,https://www.realestate.com.au/property-house-vic-hampton+park-140432355
"$620,000 - $680,000","130a Duncan Drive, Pakenham",House,4,2,2,,,Alistair Boyle,https://www.realestate.com.au/property-house-vic-pakenham-146127916
$640 000 - $680 000,"15 Skipton Street, Drouin",House,4,2,3,,,Brad Boyde,https://www.realestate.com.au/property-house-vic-drouin-146430052
"$640,000 - $680,000","23A Ti-Tree Drive, Doveton",House,3,2,1,,,Habib Sultani,https://www.realestate.com.au/property-house-vic-doveton-146126924
"$650,000 - $690,000 - LUXURY HOME","3 Amadeus Street, Clyde",House,4,2,2,,,Shan Dias,https://www.realestate.com.au/property-house-vic-clyde-146806192
"$580,000 - $600,000","106 North Road, Warragul",House,4,2,1,,,Sarah Francis,https://www.realestate.com.au/property-house-vic-warragul-146223448
,"5A Greenland Drive, Drouin",House,6,3,8,,,John Edwards,https://www.realestate.com.au/property-house-vic-drouin-145164032
"$385,000 - $420,000","1/19 Jamieson Street, Warragul",House,3,2,1,,,Kaye Dixon,https://www.realestate.com.au/property-house-vic-warragul-146427820
"$640,000-$690,000","9 McGavin Way, Cranbourne",House,3,2,2,,,Danny O'Brien,https://www.realestate.com.au/property-house-vic-cranbourne-146574856
"$640,000 - $670,000","7 Chive Walk, Narre Warren South",House,3,2,2,,,Naval Aulakh,https://www.realestate.com.au/property-house-vic-narre+warren+south-145482032
"$619,000 - $649,000 BRAND NEW!","5 Tines Way, Clyde North",House,3,2,1,,,Sri Muthukumar,https://www.realestate.com.au/property-house-vic-clyde+north-146572740
"$565,000 - $585,000","15 Williamson Street, Drouin",House,3,2,2,,,Grant Johnson,https://www.realestate.com.au/property-house-vic-drouin-145352720
"$ 640,000 to $ 670,000","8 Kate Avenue, Hampton Park",House,3,2,2,,,Rohullah Naim,https://www.realestate.com.au/property-house-vic-hampton+park-146423408
"$635,000 - $665,000","1 Paramount Way, Pakenham",House,3,2,2,,,Team Anita & Harpreet,https://www.realestate.com.au/property-house-vic-pakenham-146267196
$585 000 - $625 000,"54B Manikato Drive, Drouin",House,3,2,2,,,Brad Boyde,https://www.realestate.com.au/property-house-vic-drouin-145455348
,"245 Saint Germain Boulevard, Clyde North",House,4,2,2,,,Chris Zhang,https://www.realestate.com.au/property-house-vic-clyde+north-142607556
$600K-$660K! Guest Bed Downstairs!,"4 Stonethwaite Lane, Clyde North",House,4,3,2,,,Aseem Jhanji,https://www.realestate.com.au/property-house-vic-clyde+north-146568280
"$580,000 - $635,000","16 Tassell Drive, Warragul",House,4,2,2,,,Vince Di Grazia,https://www.realestate.com.au/property-house-vic-warragul-146567720
,"14 Langley Way, Pakenham",House,3,2,2,,,Amanda Claridge,https://www.realestate.com.au/property-house-vic-pakenham-146262412
"$610,000 - $630,000","42 Summerhill Boulevard, Drouin",House,4,2,2,,,Shane Candappa,https://www.realestate.com.au/property-house-vic-drouin-141490684
"$630,000 - $670,000","286 Golf Links Road, Narre Warren",House,3,2,2,,,Javid Zada,https://www.realestate.com.au/property-house-vic-narre+warren-146544460
"$600,000 - $640,000","109 McNeilly Road, Drouin",House,4,2,2,,,Dave Clark,https://www.realestate.com.au/property-house-vic-drouin-146415372
"$625,000 - $675,000","27 Rathberry Circuit, Clyde North",House,3,2,2,,,Shan Dias,https://www.realestate.com.au/property-house-vic-clyde+north-146564460
"$600,000 - $640,000","16 Rivendale Crescent, Drouin",House,3,2,2,,,Jo Cappola,https://www.realestate.com.au/property-house-vic-drouin-144740532
"$480,000 - $525,000(Negotiable)","2/24 Mckindlay Street, Drouin",House,3,2,2,,,Vikram Dhankhar,https://www.realestate.com.au/property-house-vic-drouin-146259068
"$629,000","10 Karrala Court, Drouin",House,4,2,2,,,Anthony Rabl,https://www.realestate.com.au/property-house-vic-drouin-146563136
"$600,000 - $660,000 unless sold prior","38 Clarendon Street, Pakenham",House,3,2,2,,,Calvin Davis,https://www.realestate.com.au/property-house-vic-pakenham-146413444
"$560,000 - $600,000","40 Dawson Drive, Warragul",House,4,2,2,,,Zac Jeric,https://www.realestate.com.au/property-house-vic-warragul-146258208
"$649,000","5 Summerhill Boulevard, Drouin",House,3,2,2,,,Dave Clark,https://www.realestate.com.au/property-house-vic-drouin-146257892
"$639,000-$699,000","296 Casey Fields Boulevard, Cranbourne East",House,3,2,2,,,Hardeep Singh,https://www.realestate.com.au/property-house-vic-cranbourne+east-146703780
"$650,000 - $715,000","22 Bales Road, Cranbourne East",House,4,2,2,,,Jonathan Walker,https://www.realestate.com.au/property-house-vic-cranbourne+east-144860756
"$620,000 - $650,000","7 Dalziell Crescent, Cranbourne North",House,3,2,2,,,Palitha Fernando,https://www.realestate.com.au/property-house-vic-cranbourne+north-143101648
"$610,000 - $660,000","12 Cumberland Drive, Pakenham",House,3,2,2,,,Rebecca O'Brien,https://www.realestate.com.au/property-house-vic-pakenham-146110456
"$595,000","8 Richie Court, Drouin",House,3,2,2,,,Libby Talbot,https://www.realestate.com.au/property-house-vic-drouin-145721892
,"3 Grand Central Boulevard, Pakenham",House,3,2,2,,,Brad Townsend,https://www.realestate.com.au/property-house-vic-pakenham-146408480
"$599,000 - $635,000","43 Odeon Avenue, Clyde North",House,3,2,2,,,Sen Sathyajith,https://www.realestate.com.au/property-house-vic-clyde+north-146558016
"$630,000 to $675,000","4 Bethune Drive, Hampton Park",House,3,2,2,,,Khaled Arabzadeh,https://www.realestate.com.au/property-house-vic-hampton+park-146407176
,"5 Tadpole Lane, Clyde North",House,4,2,1,,,Dilshan Wijerathna,https://www.realestate.com.au/property-house-vic-clyde+north-146557856
$620K-$660K! Park Facing!,"5 Thornell Street, Clyde North",House,3,2,1,,,Aseem Jhanji,https://www.realestate.com.au/property-house-vic-clyde+north-146700128
"$595,000-$655,000","20 Pembrokeshire Loop, Clyde",House,3,2,2,,,Gill Harkirat,https://www.realestate.com.au/property-house-vic-clyde-146556480
"$590,000 to $640,000","18 Saddleback Road, Botanic Ridge",House,4,2,2,,,Jason Stirling,https://www.realestate.com.au/property-house-vic-botanic+ridge-146554220
"$550,000 - $605,000","21 Flaxlilly Crescent, Officer",House,4,2,1,,,Arif Akhlaqi,https://www.realestate.com.au/property-house-vic-officer-145464656
"$595,000 - $645,000","12 Todd Lane, Pakenham",House,4,2,2,,,Hunny Sharma,https://www.realestate.com.au/property-house-vic-pakenham-146552644
"$602,000 - $662,000","32 Borthwick Parade, Clyde North",House,3,2,1,,,Nav Sarkaria,https://www.realestate.com.au/property-house-vic-clyde+north-146696816
"$570,000 - $605,000","132 Willandra Circuit, Warragul",House,4,2,2,,,Joshua Jarred,https://www.realestate.com.au/property-house-vic-warragul-146696716
"$559,000 - $599,000 Must Sell this Week!","6 Rockford Street, Pakenham",House,3,2,2,,,Mehdi Fayazi,https://www.realestate.com.au/property-house-vic-pakenham-146548480
"$549,000 - $579,000","29 Rangeview Street, Warragul",House,4,3,4,,,Carmen Christie,https://www.realestate.com.au/property-house-vic-warragul-146430108
"$650,000 - $699,950","45b Hillview Drive, Carrum Downs",House,4,4,2,,,Shane Donovan,https://www.realestate.com.au/property-house-vic-carrum+downs-146693780
"$600,000 to $655,000","31 Trefella Rise, Drouin",House,4,2,2,,,Michael Asche,https://www.realestate.com.au/property-house-vic-drouin-146243944
"$620,000 - $670,000 - Brand New + $10,000 FHBG","46 Hedgevale Drive, Officer",House,3,2,1,,,Shan Dias,https://www.realestate.com.au/property-house-vic-officer-145460148
"$630,000 to $680,000","214 Monahans Road, Cranbourne",House,3,2,6,,,Keenan Kleynhans,https://www.realestate.com.au/property-house-vic-cranbourne-146546560
"$650,000 - $700,000","5 Hakea Court, Drouin",House,3,2,2,,,Bianca Giles,https://www.realestate.com.au/property-house-vic-drouin-146242992
"$605,000 - $665,000","5A Templer Avenue, Hampton Park",House,3,2,2,,,Michael Panayi,https://www.realestate.com.au/property-house-vic-hampton+park-146691424
"$620,000 to $682,000","11 Justin Circuit, Hampton Park",House,3,2,2,,,Khaled Arabzadeh,https://www.realestate.com.au/property-house-vic-hampton+park-146691300
"$625,000","1 Oddy Street, Drouin",House,3,2,2,,,Stephanie Nash,https://www.realestate.com.au/property-house-vic-drouin-146800720
,"10 Ashton Place, Pakenham",House,3,2,3,,,Belinda Ragoni,https://www.realestate.com.au/property-house-vic-pakenham-144721504
"$600,000 - $660,000","18 Old Trafford Way, Officer",House,3,2,2,,,Gavin Staindl,https://www.realestate.com.au/property-house-vic-officer-146541708
$550K-$605K! No Body Corp! Meridian Central!,"8 Portobello Boulevard, Clyde North",House,3,2,1,,,Aseem Jhanji,https://www.realestate.com.au/property-house-vic-clyde+north-145840524
$595K-$650K! 2 Separate Living Areas!,"26 Cherry Tree Lane, Clyde",House,3,2,2,,,Aseem Jhanji,https://www.realestate.com.au/property-house-vic-clyde-144977824
"$595,000 - $650,000","6A Jacqueline Place, Pakenham",House,4,2,2,,,John Deo,https://www.realestate.com.au/property-house-vic-pakenham-145455240
"$630,000 - $680,000","10 Rupert Street, Cranbourne East",House,4,2,1,,,Phillip Verma,https://www.realestate.com.au/property-house-vic-cranbourne+east-146687992
"$590,000 - $649,000","301/15 Windsor Avenue, Springvale",House,3,2,2,,,Phillip Khuon,https://www.realestate.com.au/property-house-vic-springvale-146539380
"$600,000 - $660,000","2 Jumbuck Circuit, Carrum Downs",House,3,2,2,,,Georgia Ryan,https://www.realestate.com.au/property-house-vic-carrum+downs-146538908
$599K-$658K! Brand New! 10K FHOG!,"21 Cann Street, Clyde",House,4,2,1,,,Aseem Jhanji,https://www.realestate.com.au/property-house-vic-clyde-146798440
"$649.000 - $712,000","17 Stephellen Way, Cranbourne West",House,3,2,4,,,Vats Jaitly,https://www.realestate.com.au/property-house-vic-cranbourne+west-146388836
"$640,000 - $680,000","54 Bona Vista Rise, Clyde",House,3,2,1,,,Dilshan Wijerathna,https://www.realestate.com.au/property-house-vic-clyde-146685796
,"41 Cook Street, Drouin",House,3,2,1,,,Brad Boyde,https://www.realestate.com.au/property-house-vic-drouin-145322660
"$560,000 to $590,000 - Priced to Sell !!!","16 Kosciuszko Circuit, Clyde",House,3,2,1,,,James Fernando,https://www.realestate.com.au/property-house-vic-clyde-142262456
"$600,000 - $660,000","16 Eacott Street, Longwarry",House,4,2,2,,,Marcus Washington,https://www.realestate.com.au/property-house-vic-longwarry-146797204
"$645,000 - $665,000","30 McLean Street, Drouin",House,3,2,3,,,Elise Davidson,https://www.realestate.com.au/property-house-vic-drouin-145669196
"$650,000 - $695,000 - STUNNING HOME!","11 Walhallow Drive, Clyde North",House,4,2,1,,,Shan Dias,https://www.realestate.com.au/property-house-vic-clyde+north-146683080
"$630,000 - $690,000","31 Authentic Avenue, Cranbourne South",House,3,2,2,,,Maddie Harris,https://www.realestate.com.au/property-house-vic-cranbourne+south-146682348
"$650,000 - $695,000","13 Balook Court, Cranbourne North",House,3,2,2,,,Peter Khamis,https://www.realestate.com.au/property-house-vic-cranbourne+north-146796008
"$550,000 to $600,000","3 Bertram Street, Drouin",House,3,2,3,,,Jeffrey George,https://www.realestate.com.au/property-house-vic-drouin-146385388
"$580,000-$620,000","7 Tatterson Court, Warragul",House,4,2,2,,,Kim Durrand,https://www.realestate.com.au/property-house-vic-warragul-146795600
"$600,000 - $620,000","16 Ellen Close, Warragul",House,3,2,2,,,Daniel Sheehan,https://www.realestate.com.au/property-house-vic-warragul-146237680
"$600,000 - $630,000","91 Golden Grove Drive, Narre Warren South",House,3,2,2,,,Chaminda Gunasekara,https://www.realestate.com.au/property-house-vic-narre+warren+south-146068500
"$640,000 - $660,000","4 Denistoun Crescent, Cranbourne",House,3,2,2,,,Mel Worthington,https://www.realestate.com.au/property-house-vic-cranbourne-146530900
"$635,000 - $665,000","16 Longwarry Road, Drouin",House,4,2,2,,,Vince Di Grazia,https://www.realestate.com.au/property-house-vic-drouin-146795160
"$625,000 - $645,000","13 Stanhope Place, Pakenham",House,4,2,2,,,Amanda Charles,https://www.realestate.com.au/property-house-vic-pakenham-146384236
$590K-$630K! Guest Bed Downstairs!,"22 Portobello Boulevard, Clyde North",House,4,3,2,,,Aseem Jhanji,https://www.realestate.com.au/property-house-vic-clyde+north-145833596
"$600,000-$650,000","66 Sutton Street, Warragul",House,3,2,2,,,Kim Durrand,https://www.realestate.com.au/property-house-vic-warragul-146794264
"$575,000 - $599,000 | NO BODY CORPORATE FEES!","10 Tolpis Lane, Cranbourne North",House,3,2,2,,,Shami Hamdam,https://www.realestate.com.au/property-house-vic-cranbourne+north-145968336
"$615,000 - $675,000","35 Timbertop Crescent, Drouin",House,4,2,2,,,Braeden Robbins,https://www.realestate.com.au/property-house-vic-drouin-144846012
"UNDER CONTRACT! $620,000 - $669,000","280 Rix Road, Officer",House,4,2,2,,,Milan Takkar,https://www.realestate.com.au/property-house-vic-officer-146676808
"$650,000 - $670,000","5 Ethan Court, Pakenham",House,4,2,2,,,Jess Ostrom,https://www.realestate.com.au/property-house-vic-pakenham-146380648
"$645,000 - $665,000","6 Hume Court, Warragul",House,4,2,2,,,Dave Clark,https://www.realestate.com.au/property-house-vic-warragul-144842940
"House and Land $642,860","74 Palladium Boulevard, Drouin",House,4,2,2,,,Laura Gould,https://www.realestate.com.au/property-house-vic-drouin-146792004
"$540,000 - $580,000","96 Cook Street, Drouin",House,3,2,2,,,Jess Ostrom,https://www.realestate.com.au/property-house-vic-drouin-146791668
"$600,000 - $660,000","3 Skyline Drive, Warragul",House,3,2,2,,,Maurice Oliver,https://www.realestate.com.au/property-house-vic-warragul-146791428
"$600,000 - $650,000","46 AQUATIC Drive, Cranbourne West",House,3,2,1,,,Ekansh Kohli,https://www.realestate.com.au/property-house-vic-cranbourne+west-146672968
"$620,000 to $649,000","5 Henley Avenue, Warragul",House,3,2,2,,,Phil Gallagher,https://www.realestate.com.au/property-house-vic-warragul-145963972
"$640,000 - $690,000","35 Huntington Drive, Hampton Park",House,3,2,2,,,Aren Aliu,https://www.realestate.com.au/property-house-vic-hampton+park-146790280
$620 000 - $660 000,"8 Sunline Street, Drouin",House,4,2,2,,,Brad Boyde,https://www.realestate.com.au/property-house-vic-drouin-144963152
"$620,000 - $670,000","23 Optima Street, Officer",House,3,2,2,,,Liza Hickey,https://www.realestate.com.au/property-house-vic-officer-146671884
"OFFERS INVITED $620,000 - $680,000","15 Pryor Street, Officer",House,4,2,2,,,Harvey Nhan,https://www.realestate.com.au/property-house-vic-officer-145563324
"UNDER CONTRACT $620,000 - $680,000","29 Salvia Avenue, Pakenham",House,4,2,2,,,Marcus Washington,https://www.realestate.com.au/property-house-vic-pakenham-146788972
"$650,000 - $695,000","19 Rilana Road, Clyde North",House,4,2,2,,,Shan Dias,https://www.realestate.com.au/property-house-vic-clyde+north-145824524
,"10 Langley Way, Pakenham",House,3,2,2,,,Amanda Claridge,https://www.realestate.com.au/property-house-vic-pakenham-146669456
"$550,000 - $605,000","46 Pyrenees Road, Clyde",House,3,2,2,,,Tim Dixon,https://www.realestate.com.au/property-house-vic-clyde-146669068
"$595,000 - $650,000","50 Willandra Circuit, Warragul",House,3,2,2,,,Bailey Harrison,https://www.realestate.com.au/property-house-vic-warragul-146787128
"$600,000 - $660,000","61 The Parkway, Pakenham",House,3,2,2,,,John Deo,https://www.realestate.com.au/property-house-vic-pakenham-146373892
"$600,000 - $660,000","15 Rockford Street, Pakenham",House,4,2,2,,,Susan Tse,https://www.realestate.com.au/property-house-vic-pakenham-146787064
"$645,000 - $685,000","13 Hellenic Court, Carrum Downs",House,3,2,4,,,Karen Finch,https://www.realestate.com.au/property-house-vic-carrum+downs-146663080
"$550,000 - $605,000","11 Nicholas Court, Pakenham",House,3,2,2,,,Liza Hickey,https://www.realestate.com.au/property-house-vic-pakenham-146786788
"$570,000 - $620,000","16 Nash Road, Bunyip",House,3,2,2,,,Derrick Brown,https://www.realestate.com.au/property-house-vic-bunyip-146786512
"$630,000 - $660,000","12 Tracie Court, Drouin",House,4,2,2,,,Peter Powell,https://www.realestate.com.au/property-house-vic-drouin-146786208
$539K - $592K Must Sell!,"5 Nebo Way, Clyde",House,3,2,1,,,Dilshan Wijerathna,https://www.realestate.com.au/property-house-vic-clyde-143901576
"Buy Now! $650,000 - $700,000","7 Hillside Avenue, Dandenong North",House,4,2,3,,,Alan Tran,https://www.realestate.com.au/property-house-vic-dandenong+north-146665808
"$650,000 - $700,000 Brand New","30 Ryder Street, Cranbourne",House,4,2,2,,,Arif Akhlaqi,https://www.realestate.com.au/property-house-vic-cranbourne-144958060
"$590,000 - $649,000","34 Miller Cl, Drouin",House,3,2,4,,,Tahnee Morgan,https://www.realestate.com.au/property-house-vic-drouin-146664464
"$620,000 - $640,000 (No Body Corp)","1/327 Cranbourne-Frankston Road, Langwarrin",House,3,2,2,,,Sam Khurana,https://www.realestate.com.au/property-house-vic-langwarrin-146519692
"$620,000 - $650,000","11 Timberside Avenue, Warragul",House,4,2,2,,,Jason Lee,https://www.realestate.com.au/property-house-vic-warragul-146097484
"$600,000 - $660,000","5 Vita Place, Officer",House,4,2,2,,,Amanda Claridge,https://www.realestate.com.au/property-house-vic-officer-145684308
"$649,000 - $729,000","100 Athenaeum Avenue, Clyde North",House,3,2,2,,,Mohan Singh,https://www.realestate.com.au/property-house-vic-clyde+north-146096360
"New Price $595,000 - $649,000","14 Burchill Avenue, Cranbourne East",House,3,2,2,,,Noah Rezaie,https://www.realestate.com.au/property-house-vic-cranbourne+east-146518088
"$649,000 - $699,000","14 Hillside Avenue, Dandenong North",House,4,2,4,,,Leo Widjaja,https://www.realestate.com.au/property-house-vic-dandenong+north-146781932
"$620,000 - $675,000","10 Kaprun Way, Pakenham",House,4,2,3,,,Ed Rafter,https://www.realestate.com.au/property-house-vic-pakenham-146781912
"$600,000 - $660,000","66 Brandy Creek Road, Warragul",House,3,2,2,,,Brendan Wetherall,https://www.realestate.com.au/property-house-vic-warragul-145952900
"$650,000 - $700,000 - Must Inspect!","26 Fernisky Drive, Cranbourne East",House,3,2,2,,,Kay Bains,https://www.realestate.com.au/property-house-vic-cranbourne+east-145814184
"$650,000 - $680,000","19 Sunnybrook Avenue, Warragul",House,4,2,2,,,Zac Jeric,https://www.realestate.com.au/property-house-vic-warragul-146780792
"$610,000 - $665,000","6 Zeppelin Way, Beaconsfield",House,3,2,2,,,Brad Spencer,https://www.realestate.com.au/property-house-vic-beaconsfield-146516440
,"5 Ballad Street, Clyde",House,4,2,2,,,Hardeep Singh,https://www.realestate.com.au/property-house-vic-clyde-146660544
"$580,000 to $630,000","6 Arlington Avenue, Pakenham",House,3,2,1,,,Rachael Woodham,https://www.realestate.com.au/property-house-vic-pakenham-146780068
"$620,000 - $680,000","3 Flourish Walk, Botanic Ridge",House,3,2,2,,,Jamie O'Halloran,https://www.realestate.com.au/property-house-vic-botanic+ridge-146779692
"Price guide $620,000 to $640,000","2 Raydale Avenue, Narre Warren South",House,3,2,2,,,Lei Asuncion,https://www.realestate.com.au/property-house-vic-narre+warren+south-144823268
"$640,000 - $680,000","7 Boyd Avenue, Warragul",House,4,2,2,,,Jason Lee,https://www.realestate.com.au/property-house-vic-warragul-144193208
"$499,000 - $548,900","40  Armidale Drive, Pakenham",House,3,2,2,,,Steve Harrison,https://www.realestate.com.au/property-house-vic-pakenham-146510760
"$590,000 - $649,000","13 Fieldstone Avenue, Warragul",House,3,2,2,,,Melissa Ahearn,https://www.realestate.com.au/property-house-vic-warragul-146655008
"$580,000 - $638,000","14 Westminster Court, Hampton Park",House,3,2,2,,,Shabana Rexhepi,https://www.realestate.com.au/property-house-vic-hampton+park-146654716
"$550,000 - $590,000","33 Boronia Avenue, Cranbourne",House,3,2,2,,,Matt Dewan,https://www.realestate.com.au/property-house-vic-cranbourne-146653588
"$620,000 - $660,000","93 Strathlea Drive, Cranbourne West",House,3,2,2,,,Akshay Chawla,https://www.realestate.com.au/property-house-vic-cranbourne+west-146233080
"$580,000 - $638,000","13 Fleuve Rise, Clyde North",House,3,2,1,,,Andrew Nguyen,https://www.realestate.com.au/property-house-vic-clyde+north-146774300
"$650,000-$715,000","4 Kosta Boda Boulevard, Pakenham",House,5,2,2,,,Phillip Khuon,https://www.realestate.com.au/property-house-vic-pakenham-145318160
,"67 Havana Pde, Pakenham",House,3,2,3,Inspection Sat 11 Jan 10:20 am,,Robert Johnson,https://www.realestate.com.au/property-house-vic-pakenham-146085536
,"90 Plymouth Boulevard, Clyde North",House,3,2,2,,,Dilshan Wijerathna,https://www.realestate.com.au/property-house-vic-clyde+north-145940800
"$625,000 - $687,500","16 Jacqueline Place, Pakenham",House,3,2,2,,,Paul Organtzidis,https://www.realestate.com.au/property-house-vic-pakenham-146651276
,"39A Callander Road, Noble Park",Duplex/Semi-detached,4,2,2,,,Theresa Huynh,https://www.realestate.com.au/property-duplex+semi-detached-vic-noble+park-144324160
,"94A Player Drive, Narre Warren",House,3,2,2,,,Paul Organtzidis,https://www.realestate.com.au/property-house-vic-narre+warren-146650852
"Price Range: $640,000 - $660,000","108 Victoria Street, Warragul",House,4,2,2,,,Nicole Morris,https://www.realestate.com.au/property-house-vic-warragul-145801956
"$630,000 - $690,000 (MUST SELL)","13 Carey Crescent, Pakenham",House,3,2,2,,,Aaron Westney,https://www.realestate.com.au/property-house-vic-pakenham-145937948
"$ 635,000 - $ 698,500","17 Ethan Terrace, Cranbourne East",House,4,2,2,,,Sam Singh,https://www.realestate.com.au/property-house-vic-cranbourne+east-145195040
"$618,000-$668,000","12 Claire Close, Pakenham",House,4,2,1,,,Linda Hendrie,https://www.realestate.com.au/property-house-vic-pakenham-146771016
"$608,000 - $668,000 - ONLY 2 YEARS OLD!","10 Gecko Crescent, Clyde North",House,3,2,1,,,Rowan Reddy,https://www.realestate.com.au/property-house-vic-clyde+north-146767364
"$495,000 - $540,000","30 Merribrook Boulevard, Clyde",House,3,2,2,,,Marsh Schwallie,https://www.realestate.com.au/property-house-vic-clyde-146648028
"$600,000 - $650,000","92 Viewbright Road, Clyde North",House,3,2,2,,,Lee Qiang,https://www.realestate.com.au/property-house-vic-clyde+north-146768880
"$600,000 - $660,000","6 Cob Terrace, Clyde North",House,3,2,2,,,Andrew Carlow,https://www.realestate.com.au/property-house-vic-clyde+north-146646436
"$590,000 - $630,000","13 Tallowood Street, Doveton",House,3,2,2,,,Idriss Paykari,https://www.realestate.com.au/property-house-vic-doveton-146767552
"$650,000 - $660,000","43 Proctor Road, Longwarry",House,4,2,2,,,Miranda Pike,https://www.realestate.com.au/property-house-vic-longwarry-146223324
"$620,000 - $682,000","10 Polson Way, Cranbourne West",House,4,3,4,,,Ahmed Mahmoud,https://www.realestate.com.au/property-house-vic-cranbourne+west-146765676
"$650,000 - $715,000","23 Fergus Lane, Cranbourne West",House,4,3,4,,,Ahmed Mahmoud,https://www.realestate.com.au/property-house-vic-cranbourne+west-146765672
"$335,000 TO $368,500","151/1325 Frankston-Dandenong Road, Carrum Downs",House,3,2,2,,,Mark Burke,https://www.realestate.com.au/property-house-vic-carrum+downs-146508920
"$650,000 - $695,000","5 Tara Grove, Drouin",House,3,2,2,,,Katrina Guy,https://www.realestate.com.au/property-house-vic-drouin-146072436
"$649,000 - $699,000","23 Mountain Vista Court, Drouin",House,4,2,2,,,Braeden Robbins,https://www.realestate.com.au/property-house-vic-drouin-146367592
"$500,000 - $550,000","17 Somerset Drive, Warragul",House,3,2,2,,,Jason Lee,https://www.realestate.com.au/property-house-vic-warragul-146763864
"$620,000 - $650,000","8 Mitchell Court, Warragul",House,3,2,4,,,Daniel Sheehan,https://www.realestate.com.au/property-house-vic-warragul-146069708
,"2 Ardmore Street, Cranbourne",House,4,2,2,,,Navii Sarai,https://www.realestate.com.au/property-house-vic-cranbourne-145058860
"$530,000 - $550,000","11 Holland Street, Drouin",House,3,2,1,,,Nicole Lancey,https://www.realestate.com.au/property-house-vic-drouin-146066400
"$650,000 - $715,000","4 Barite Place, Frankston",House,4,2,1,,,Chris Fyfe,https://www.realestate.com.au/property-house-vic-frankston-146761212
"$600,000 - $630,000","12 Folkstone Court, Drouin",House,4,2,2,,,Mark Woods,https://www.realestate.com.au/property-house-vic-drouin-145429032
"$590,000 - $629,000 - Brand New + $10,000 FHBG","44 Hedgevale Drive, Officer",House,3,2,1,,,Vitaldi Cooray,https://www.realestate.com.au/property-house-vic-officer-146360360
"$610,000 - $671,000","26 Minster Avenue, Warragul",House,4,2,2,,,Candice Hill,https://www.realestate.com.au/property-house-vic-warragul-146359356
"$629,000-$685,000","103 Henry Road, Pakenham",House,4,2,2,,,Shelly Brown,https://www.realestate.com.au/property-house-vic-pakenham-146248920
"$650,000 - $710,000 - LUXURY HOME","8 Pesaro St, Clyde",House,4,2,2,,,Vitaldi Cooray,https://www.realestate.com.au/property-house-vic-clyde-146208184
"$580,000 - $630,000","285 Rix Road, Officer",House,3,2,2,,,Ali Azimi,https://www.realestate.com.au/property-house-vic-officer-145999756
"Contact Agent Brand New + $10,000 FHBG","36 Dangelo Avenue, Officer",House,3,2,2,,,Yogi Patel,https://www.realestate.com.au/property-house-vic-officer-146202816
,"24 Pygora Way, Clyde North",House,3,2,1,,,Sam Singh,https://www.realestate.com.au/property-house-vic-clyde+north-142799560
"$625,000 - $650,000","3/5 Henry Street, Pakenham",House,4,2,2,,,Gavin Staindl,https://www.realestate.com.au/property-house-vic-pakenham-145425052
"$520,000 - $550,000","18 Mclean Street, Drouin",House,3,2,2,,,Vince Di Grazia,https://www.realestate.com.au/property-house-vic-drouin-146501428
"$590,000 - $640,000","2 Koel Court, Carrum Downs",House,3,2,1,,,Georgia Ryan,https://www.realestate.com.au/property-house-vic-carrum+downs-146350568
,"13 Capel Street, Nar Nar Goon North",House,4,2,2,,,Eiman Khan,https://www.realestate.com.au/property-house-vic-nar+nar+goon+north-145291328
"$560,000 - $600,000","1/4 Hearn Street, Drouin",House,3,2,1,,,Dale Atkin,https://www.realestate.com.au/property-house-vic-drouin-146193688
"$650,000 - $710,000","55 Riana Loop, Eumemmerring",House,4,2,2,,,Adam McWatters,https://www.realestate.com.au/property-house-vic-eumemmerring-145396968
"$645,000 - $695,000","28 Regans Road, Hampton Park",House,4,3,4,,,Esmail Namdar,https://www.realestate.com.au/property-house-vic-hampton+park-146191908
"$650,000 - $690,000","31 Pommel Street, Pakenham",House,4,2,2,,,Callum Donders,https://www.realestate.com.au/property-house-vic-pakenham-145539896
"$600,000 - $650,000","73 Falling Water Drive, Pakenham",House,3,2,2,,,Agent: Vincent Djuang,https://www.realestate.com.au/property-house-vic-pakenham-146687932
"$640,000 - $660,000","27  Denistoun Crescent, Cranbourne",House,3,2,2,,,,https://www.realestate.com.au/property-house-vic-cranbourne-146328748
"$641,100","Lot 415 Piero Street (Bella), Clyde",House,3,2,2,,,,https://www.realestate.com.au/property-house-vic-clyde-146805228
$639000 - $690000,"14 Minster Avenue, Warragul",House,4,2,2,,,,https://www.realestate.com.au/property-house-vic-warragul-146238896
$649K H&L PACKAGE,"Lot 36  Granite Court (Nelson Village Estate), Cranbourne East",House,4,2,2,,,,https://www.realestate.com.au/property-house-vic-cranbourne+east-146766896
$541K  H&L PACKAGE,"Lot 41  Granite Court (Nelson Village Estate), Cranbourne East",House,4,2,1,,,,https://www.realestate.com.au/property-house-vic-cranbourne+east-146766568
"$574,400 TO $594,400","Lot 221 Paramount Drive, Warragul",House,4,2,2,,,,https://www.realestate.com.au/property-house-vic-warragul-146789248
"$563,700","LOT 51 BOURBON ROAD, Cranbourne East",House,4,2,1,,,,https://www.realestate.com.au/property-house-vic-cranbourne+east-146772484
"$607,700","LOT 202 SHAKEAL WAY, Clyde North",House,3,2,1,,,,https://www.realestate.com.au/property-house-vic-clyde+north-146773120
"$576,521","Lot 4904 Willey Road, Clyde North",House,3,2,2,,,,https://www.realestate.com.au/property-house-vic-clyde+north-146769136
"$487,218","Lot 240 Hillcrest Road, Drouin",House,3,2,1,,,,https://www.realestate.com.au/property-house-vic-drouin-146563440
"$649,000 Fixed & Turnkey","19 Rockdale Rd, Clyde North",House,4,2,2,,,,https://www.realestate.com.au/property-house-vic-clyde+north-146767888
"$650,000 - $700,000","96 Henry Street, Pakenham",House,4,2,2,,,,https://www.realestate.com.au/property-house-vic-pakenham-129066602
"$650,000 No stamp Duty Q3 2025 EXPECTED COMPLETION","3 CALICHE PLACE, Cranbourne East",House,3,2,1,,,,https://www.realestate.com.au/property-house-vic-cranbourne+east-146753984
"$650,000 - $690,000","19 Tranter Square, Lynbrook",House,3,2,2,,,,https://www.realestate.com.au/property-house-vic-lynbrook-146480108
"$595,000","Lot 120 Cattlemans Drive (Lillifield Estate), Warragul",House,4,2,2,,,,https://www.realestate.com.au/property-house-vic-warragul-146636064
"$632,800","Lot 34 Talc Street, Cranbourne East",House,3,2,2,,,,https://www.realestate.com.au/property-house-vic-cranbourne+east-146711168
"$585,800 To $605,800","Lot 130 Nelson Street, Cranbourne East",House,4,2,1,,,,https://www.realestate.com.au/property-house-vic-cranbourne+east-146690856
"$626,120","Lot 3002 Simmental Street (Ferntree Ridge Estate), Drouin",House,4,2,2,,,,https://www.realestate.com.au/property-house-vic-drouin-146844484
"$585,270","Lot 110 Rosea Street (Lillifield Estate), Warragul",House,4,2,2,,,,https://www.realestate.com.au/property-house-vic-warragul-146844412
"$619,121","Lot 209 ROSEA ST, Warragul",House,4,2,2,,,,https://www.realestate.com.au/property-house-vic-warragul-146835844
"From $570,000","248 Vantage Rise, Warragul",House,4,2,2,,,,https://www.realestate.com.au/property-house-vic-warragul-146840760
"$622,750","LOT 232 Kookaburra Rise, Pakenham",House,4,2,2,,,,https://www.realestate.com.au/property-house-vic-pakenham-146827808
"$612,750","LOT 114 Kookaburra Rise, Pakenham",House,4,2,2,,,,https://www.realestate.com.au/property-house-vic-pakenham-146827824
"$582,100","LOT 1421 Talia Street, Clyde",House,4,2,2,,,,https://www.realestate.com.au/property-house-vic-clyde-146828112
"$553,000","240 Fily Street (FULL TURNKEY), Clyde North",House,3,2,1,,,,https://www.realestate.com.au/property-house-vic-clyde+north-146831392
"$544,200","LOT 124 Thredbo Parkway, Pakenham",House,3,2,1,,,,https://www.realestate.com.au/property-house-vic-pakenham-146827952
"$542,200","LOT 44 Granite Court, Cranbourne East",House,3,2,1,,,,https://www.realestate.com.au/property-house-vic-cranbourne+east-146827856
"$647,000","LOT 31 SAFFRON ESTATE, Clyde North",House,3,2,2,,,,https://www.realestate.com.au/property-house-vic-clyde+north-146823576
$640K  H&L PACKAGE,"Lot 913 Forage Street (Banyan Place), Officer",House,4,2,2,,,,https://www.realestate.com.au/property-house-vic-officer-146819204
$629K H&L PACKAGE,"Lot 204 Plantation Road (Drouin Fields Estate), Drouin",House,4,2,2,,,,https://www.realestate.com.au/property-house-vic-drouin-146820028
$620K TITLED H&L PACKAGE,"Lot 323 Jarah Crescent (Emberwood Estate), Warragul",House,4,2,2,,,,https://www.realestate.com.au/property-house-vic-warragul-146820672
$619K TITLED H&L PACKAGE,"Lot 264 Harbinger Street (Copelands Estate), Warragul",House,4,2,2,,,,https://www.realestate.com.au/property-house-vic-warragul-146820456
$594K TITLED H&L PACKAGE,"Lot 330  Carriage Drive (Parkside Estate), Warragul",House,4,2,2,,,,https://www.realestate.com.au/property-house-vic-warragul-146820372
$590K TITLED H&L PACKAGE,"Lot 706 Zinc Way (Platinum Rise Estate), Drouin",House,4,2,2,,,,https://www.realestate.com.au/property-house-vic-drouin-146820220
$576K TITLED H&L PACKAGE,"Lot 120 Cattleman's Drive, Warragul",House,4,2,2,,,,https://www.realestate.com.au/property-house-vic-warragul-146820852
$557K TITLED H&L PACKAGE,"Lot 200 Vantage Rise (Crownlea Estate), Warragul",House,4,2,2,,,,https://www.realestate.com.au/property-house-vic-warragul-146820752
"$547,100","Lot 110 Bell Heather Boulevard (Lillifield), Warragul",House,4,2,2,,,,https://www.realestate.com.au/property-house-vic-warragul-146818452
"$537,400","Lot 244 Vantage Rise (Crownlea), Warragul",House,3,2,2,,,,https://www.realestate.com.au/property-house-vic-warragul-146818464
$537K  H&L PACKAGE,"Lot 248 Hillcrest Road (Drouin Fields Estate), Drouin",House,3,2,2,,,,https://www.realestate.com.au/property-house-vic-drouin-146819912
$530K  H&L PACKAGE,"Lot 240  Hillcrest Road (Drouin Fields Estate), Drouin",House,4,2,1,,,,https://www.realestate.com.au/property-house-vic-drouin-146819776
$517K  H&L PACKAGE,"Lot 918  Forage Street (Banyan Place), Officer",House,3,2,1,,,,https://www.realestate.com.au/property-house-vic-officer-146819088
"$625,000 Fixed Price & Full Turnkey Inclusions","Lot 918 Forage Street, Officer",House,3,2,1,,,,https://www.realestate.com.au/property-house-vic-officer-146815472
$638K TITLED H&L PACKAGE,"Lot 1609  Cactus Drive (One Bells Estate), Clyde",House,4,2,2,,,,https://www.realestate.com.au/property-house-vic-clyde-146817080
$638K TITLED H&L PACKAGE,"Lot 28 Parkhurst Drive (Greenwich Central), Cranbourne",House,3,2,2,,,,https://www.realestate.com.au/property-house-vic-cranbourne-146816908
$620K TITLED H&L PACKAGE,"Lot 15  Yardi Way (Saffron Estate), Clyde",House,4,2,1,,,,https://www.realestate.com.au/property-house-vic-clyde-146817180
$567K TITLED H&L PACKAGE,"Lot 1620  Northumberland Road (Evergreen Estate), Clyde",House,4,2,1,,,,https://www.realestate.com.au/property-house-vic-clyde-146817108
"$640,900","LOT 137 SHAKEAL WAY, Clyde North",House,4,2,2,,,,https://www.realestate.com.au/property-house-vic-clyde+north-146806732
"$618,040","Lot 4905 Willey Road, Clyde North",House,3,2,2,,,,https://www.realestate.com.au/property-house-vic-clyde+north-146803624
"$594,500","21 Cultura Walk, Cranbourne West",House,4,3,2,,,,https://www.realestate.com.au/property-house-vic-cranbourne+west-145884672
"From* $643,602","Lot 1002 Karak Street, Drouin",House,3,2,2,,,,https://www.realestate.com.au/property-house-vic-drouin-146801476
"$650,000 BRAND NEW - No Body Corp","40 D'Angelo Avenue, Officer",House,3,2,1,,,,https://www.realestate.com.au/property-house-vic-officer-146777388
"$646,600 To $664,600","Lot 235 Paramount Drive, Warragul",House,4,2,2,,,,https://www.realestate.com.au/property-house-vic-warragul-146789228
"$599,921","Lot 98 SIERRA ST, Warragul",House,4,2,2,,,,https://www.realestate.com.au/property-house-vic-warragul-146790908
"$598,962","Lot 248 Vantage Rise, Warragul",House,3,2,2,,,,https://www.realestate.com.au/property-house-vic-warragul-146791328
"$584,702","Lot 248 Trailwater Court, Warragul",House,4,2,2,,,,https://www.realestate.com.au/property-house-vic-warragul-146791228
"$558,978","Lot 4 Trailwater Court, Warragul",House,3,2,2,,,,https://www.realestate.com.au/property-house-vic-warragul-146792764
"$642,000","5  Kosciuszko Circuit, Clyde",House,4,3,2,,,,https://www.realestate.com.au/property-house-vic-clyde-146779136
"$631,287","Lot 140 Shakeal Way, Clyde North",House,3,2,2,,,,https://www.realestate.com.au/property-house-vic-clyde+north-146777508
"$619,615","Lot 117 Mckenzie, Clyde North",House,3,2,1,,,,https://www.realestate.com.au/property-house-vic-clyde+north-146777532
"$577,344","Lot 211 Cape Street, Clyde North",House,3,2,1,,,,https://www.realestate.com.au/property-house-vic-clyde+north-146776592
"$535,700","Lot 248 Hillcrest Street (Drouin Fields), Drouin",House,3,2,2,,,,https://www.realestate.com.au/property-house-vic-drouin-146776000
"$649,000 Fixed & Turnkey","21 Rockdale Rd, Clyde North",House,4,2,2,,,,https://www.realestate.com.au/property-house-vic-clyde+north-146767864
"$649,000 Fixed & Turnkey","17 Rockdale Rd, Clyde North",House,4,2,2,,,,https://www.realestate.com.au/property-house-vic-clyde+north-146767920
"$647,750","LOT 851 Heather Grove, Clyde North",House,4,2,2,,,,https://www.realestate.com.au/property-house-vic-clyde+north-146768160
"$645,600","LOT 208 SHAKEAL WAY, Clyde North",House,3,2,2,,,,https://www.realestate.com.au/property-house-vic-clyde+north-146773216
$645K H&L PACKAGE,"Lot 125  Monterey Way (The Rise Estate), Pakenham",House,4,2,2,,,,https://www.realestate.com.au/property-house-vic-pakenham-146769144
$640K  H&L PACKAGE,"Lot 205  Plantation Road (Drouin Fields Estate), Drouin",House,4,2,2,,,,https://www.realestate.com.au/property-house-vic-drouin-146769460
$640K TITLED H&L PACKAGE,"Lot 1603  Cactus Drive (One Bells Estate), Clyde",House,4,2,2,,,,https://www.realestate.com.au/property-house-vic-clyde-146767144
"$632,100","LOT 34 TALC STREET, Cranbourne East",House,4,2,2,,,,https://www.realestate.com.au/property-house-vic-cranbourne+east-146772032
"$631,900","LOT 209 SHAKEAL WAY, Clyde North",House,4,2,2,,,,https://www.realestate.com.au/property-house-vic-clyde+north-146773264
$631K TITLED H&L PACKAGE,"Lot 68  Harmon Drive (Drouin Springs Estate), Drouin",House,4,2,2,,,,https://www.realestate.com.au/property-house-vic-drouin-146769624
$630K TITLED H&L PACKAGE,"Lot 1609  Watercolour Boulevard (Orana Estate), Clyde",House,4,2,2,,,,https://www.realestate.com.au/property-house-vic-clyde-146768588
$630K TITLED H&L PACKAGE,"Lot 515  Padua Street (Bella Estate), Clyde",House,4,2,2,,,,https://www.realestate.com.au/property-house-vic-clyde-146767832
$629K TITLED H&L PACKAGE,"Lot 12 Yardi Way (Saffron Estate), Clyde",House,4,2,2,,,,https://www.realestate.com.au/property-house-vic-clyde-146767988
"$627,750","LOT 1404 Aria Road, Clyde",House,4,2,2,,,,https://www.realestate.com.au/property-house-vic-clyde-146768148
"$627,750","LOT 1405 Aria Road, Clyde",House,4,2,2,,,,https://www.realestate.com.au/property-house-vic-clyde-146768300
$626K TITLED H&L PACKAGE,"Lot 109  Ventura Road (Drouin Fields Estate), Drouin",House,4,2,2,,,,https://www.realestate.com.au/property-house-vic-drouin-146769264
$625K PLUS,"LOT 2810 SMITHS LANE BARGIN 4 BED!!/ HOLD 2024 PRICES !!, Clyde North",House,4,2,2,,,,https://www.realestate.com.au/property-house-vic-clyde+north-146766832
$620K TITLED H&L PACKAGE,"Lot 360 Tribute Avenue (Verve Estate), Clyde",House,4,2,2,,,,https://www.realestate.com.au/property-house-vic-clyde-146768512
$620K  H&L PACKAGE,"Lot 2725  Lismac Avenue (Smiths Lane Estate), Clyde",House,4,2,2,,,,https://www.realestate.com.au/property-house-vic-clyde-146768684
"$619,000 Fixed & Turnkey","20 Rockdale Rd, Clyde North",House,3,2,2,,,,https://www.realestate.com.au/property-house-vic-clyde+north-146767868
"$619,000 Fixed & Turnkey","18 Rockdale Rd, Clyde North",House,3,2,2,,,,https://www.realestate.com.au/property-house-vic-clyde+north-146767908
$617K TITLED H&L PACKAGE,"Lot 28 Kenmore Way (Saffron Estate), Clyde",House,3,2,2,,,,https://www.realestate.com.au/property-house-vic-clyde-146767896
"$616,915","Lot 213 Rosea Street, Warragul",House,4,2,2,,,,https://www.realestate.com.au/property-house-vic-warragul-146766752
"$614,400","LOT 50 BOURBON ROAD, Cranbourne East",House,3,2,2,,,,https://www.realestate.com.au/property-house-vic-cranbourne+east-146772436
"$611,889","Lot 835 Spurge Road, Officer",House,3,2,1,,,,https://www.realestate.com.au/property-house-vic-officer-146769308
"$607,900","LOT 24 TALC STREET, Cranbourne East",House,3,2,2,,,,https://www.realestate.com.au/property-house-vic-cranbourne+east-146772292
$604K TITLED H&L PACKAGE,"Lot 112  Rosea Street (Lilifield Estate), Warragul",House,5,2,2,,,,https://www.realestate.com.au/property-house-vic-warragul-146770428
$603K TITLED H&L PACKAGE,"Lot 235 Paramount Drive (Copelands Estate), Warragul",House,4,2,2,,,,https://www.realestate.com.au/property-house-vic-warragul-146769988
"$598,400","LOT 42 GRANITE COURT, Cranbourne East",House,4,2,2,,,,https://www.realestate.com.au/property-house-vic-cranbourne+east-146772072
"$590,400","LOT 29 TALC STREET, Cranbourne East",House,4,2,2,,,,https://www.realestate.com.au/property-house-vic-cranbourne+east-146772340
"$589,339","Lot 28 Kenmore Way, Clyde North",House,3,2,1,,,,https://www.realestate.com.au/property-house-vic-clyde+north-145058884
$578K TITLED H&L PACKAGE,"Lot 235  Paramount Drive (Copelands Estate), Warragul",House,4,2,2,,,,https://www.realestate.com.au/property-house-vic-warragul-146769872
$577K TITLED H&L PACKAGE,"Lot 200 Vantage Rise (Crownlea Estate), Warragul",House,4,2,2,,,,https://www.realestate.com.au/property-house-vic-warragul-146770312
"$576,932","Lot 25 Trailwater Court, Warragul",House,4,2,2,,,,https://www.realestate.com.au/property-house-vic-warragul-146766976
"$573,597","Lot 326 Kauri Street, Warragul",House,4,2,2,,,,https://www.realestate.com.au/property-house-vic-warragul-146766796
$567K H&L PACKAGE,"Lot 44  Granite Court (Nelson Village Estate), Cranbourne",House,3,2,2,,,,https://www.realestate.com.au/property-house-vic-cranbourne-146766632
"$559,200","LOT 212 SHAKEAL WAY, Clyde North",House,3,2,1,,,,https://www.realestate.com.au/property-house-vic-clyde+north-146773304
"$553,400","LOT 212 Laker Boulevard, Clyde North",House,4,2,2,,,,https://www.realestate.com.au/property-house-vic-clyde+north-146768084
"$553,400","LOT 213 Laker Boulevard, Clyde North",House,4,2,2,,,,https://www.realestate.com.au/property-house-vic-clyde+north-146768200
$650K PLUS,"LOT 1814 ORANA ESTATE  BUY NOW PAY AT 2024 PRICES !, Clyde North",House,4,2,2,,,,https://www.realestate.com.au/property-house-vic-clyde+north-146761988
$650K PLUS,"LOT 843 TARANTO ST /HUGE 495 SQMT LAND BUILD NOW, Clyde",House,4,2,2,,,,https://www.realestate.com.au/property-house-vic-clyde-146762180
$635K PLUS,"LOT 2915 SMITHS LANE BARGIN 4 BED!!/ HOLD 2024 PRICES !!, Clyde North",House,4,2,2,,,,https://www.realestate.com.au/property-house-vic-clyde+north-146763328
$635K PLUS,"LOT 2912 SMITHS LANE BARGIN 4 BED!!/ HOLD 2024 PRICES !!, Clyde North",House,4,2,2,,,,https://www.realestate.com.au/property-house-vic-clyde+north-146762740
$625K PLUS,"LOT 2725 SMITHS LANE BUILD NOW HOLD 2024 PRICES !!, Clyde North",House,4,2,2,,,,https://www.realestate.com.au/property-house-vic-clyde+north-146762676
"$460,000 - $480,000","3/23 Albert Road, Drouin",House,3,2,2,,,,https://www.realestate.com.au/property-house-vic-drouin-146023264
"$622,460","Lot 4904 Willey Road (Meridian Estate), Clyde North",House,3,2,2,,,,https://www.realestate.com.au/property-house-vic-clyde+north-146757312
"$622,400","Lot 262 Vantage Rise (Crownlea Estate), Warragul",House,4,2,2,,,,https://www.realestate.com.au/property-house-vic-warragul-146757176
$649K 3bed+Study Turnkey!,"4904 Willey Rd, Clyde North",House,3,2,2,,,,https://www.realestate.com.au/property-house-vic-clyde+north-146750404
"$643,256","Lot 110 Bell Heather Boulevard, Warragul",House,4,2,2,,,,https://www.realestate.com.au/property-house-vic-warragul-146748400
"$629,100","Lot 4904 Meridian, Clyde North",House,3,2,2,,,,https://www.realestate.com.au/property-house-vic-clyde+north-146750256
"$590,000 to $640,000","40 Dangelo Avenue, Officer",House,3,2,1,,,,https://www.realestate.com.au/property-house-vic-officer-146732024
$619K 4Bed H&L,"2398 Mimosa Grange, Clyde",House,4,2,2,,,,https://www.realestate.com.au/property-house-vic-clyde-146724168
"$590,900 Full Turnkey + Ready to Build !!!","18 Northumberland Road, Clyde",House,3,2,2,,,,https://www.realestate.com.au/property-house-vic-clyde-146709528
"$600,300","Lot 45 Granite Court, Cranbourne East",House,3,2,2,,,,https://www.realestate.com.au/property-house-vic-cranbourne+east-146711468
"$640,421","Lot 115 Ventura Road, Drouin",House,3,2,2,,,,https://www.realestate.com.au/property-house-vic-drouin-146694260
"$639,100 To $659,100","Lot 131 Creek Circuit, Pakenham",House,4,2,2,,,,https://www.realestate.com.au/property-house-vic-pakenham-146686796
"$607,500 To $627,500","Lot 6 Bluebell Way, Officer",House,3,2,1,,,,https://www.realestate.com.au/property-house-vic-officer-146687320
"$600,000 House and Land Turnkey FHBG","8 Hydrangea Rd, Junction Village",House,3,2,1,,,,https://www.realestate.com.au/property-house-vic-junction+village-146690296
"$591,300 To $611,300","Lot 131 Nelson Street, Cranbourne East",House,4,2,1,,,,https://www.realestate.com.au/property-house-vic-cranbourne+east-146690900
"$588,800 To $613,800","Lot 516  Songbird Way, Pakenham",House,4,2,1,,,,https://www.realestate.com.au/property-house-vic-pakenham-146686852
"$587,700 To $607,700","Lot 183 Mornington Crescent, Nar Nar Goon North",House,3,2,2,,,,https://www.realestate.com.au/property-house-vic-nar+nar+goon+north-146687152
"$582,300 To $602,300","Lot 133 Nelson Street, Cranbourne East",House,3,2,1,,,,https://www.realestate.com.au/property-house-vic-cranbourne+east-146690960
"$623,763","Lot 840/45 Rix Road, Officer",House,3,2,2,,,,https://www.realestate.com.au/property-house-vic-officer-146655948
"Build House and Land from $589,740 Today!","326 Kauri Street, Warragul",House,4,2,2,,,,https://www.realestate.com.au/property-house-vic-warragul-146632596
"$622,318","Lot 34 Westheath Way, Clyde North",House,3,2,1,,,,https://www.realestate.com.au/property-house-vic-clyde+north-146619144
"$587,690","Lot 353 Tribute Avenue, Clyde North",House,3,2,1,,,,https://www.realestate.com.au/property-house-vic-clyde+north-146618696
"From* $548,365","Lot 4 Trailwater Court, Warragul",House,4,2,2,,,,https://www.realestate.com.au/property-house-vic-warragul-146580604
"$620,000 - $680,000","12 Wilkiea Crescent, Cranbourne North",House,3,2,2,,,,https://www.realestate.com.au/property-house-vic-cranbourne+north-146566620
"$2,388,888 - $2,627,776","10 Showers Avenue, Chelsea",House,6,4,2,,,,https://www.realestate.com.au/property-house-vic-chelsea-146555236
"$643,546","Lot 407 Songbird Way, Pakenham",House,4,2,2,,,,https://www.realestate.com.au/property-house-vic-pakenham-146558432
"$649,950","33 Ayredale Street, Clyde",House,4,2,2,,,,https://www.realestate.com.au/property-house-vic-clyde-146171900
"$567,552","Lot 1031 Adiantum Road, Drouin",House,4,2,2,,,,https://www.realestate.com.au/property-house-vic-drouin-146494016
"$625,600 To $645,600","Lot 110 Bell Heather Boulevard, Warragul",House,4,2,2,,,,https://www.realestate.com.au/property-house-vic-warragul-146430704
"$607,100 To $627,100","Lot 209 Rosea Street, Warragul",House,4,2,2,,,,https://www.realestate.com.au/property-house-vic-warragul-146430856
"$607,000","lot 329 Maple Grove Estate, Pakenham",House,3,2,2,,,,https://www.realestate.com.au/property-house-vic-pakenham-146408752
$589k - $630k - Full turnkey Home- All inclusive!,"806 Montagna Drive, Clyde",Terrace,3,2,1,,,,https://www.realestate.com.au/property-terrace-vic-clyde-146399276
"$627,900 - FULL TURNKEY INCLUSIONS","Lot 908 Toad Road, Clyde North",House,3,2,1,,,,https://www.realestate.com.au/property-house-vic-clyde+north-146162256
"$529,950","5 Lonark Street, Clyde North",House,3,2,1,,,,https://www.realestate.com.au/property-house-vic-clyde+north-146084980
"$649,200 - Fixed Price & Full Turnkey Inclusions","919 Forage Street, Officer South",House,3,2,1,,,,https://www.realestate.com.au/property-house-vic-officer+south-146026356
$649K 3Bed Full Turnkey,"852 Bella St, Clyde",House,3,2,2,,,,https://www.realestate.com.au/property-house-vic-clyde-146019332
$619K Upgraded Home,"177 Northumberland St, Clyde",House,3,2,2,,,,https://www.realestate.com.au/property-house-vic-clyde-146009940
$629K Turnkey Home,"55 Tines Way, Clyde North",House,4,2,1,,,,https://www.realestate.com.au/property-house-vic-clyde+north-146009928
"$643,908","26 Trailwater Court, Warragul",House,4,2,2,,,,https://www.realestate.com.au/property-house-vic-warragul-145948296
"$ 590,000 to $ 640,000","1/43 Somerville Road, Hampton Park",House,3,2,2,,,,https://www.realestate.com.au/property-house-vic-hampton+park-145938636
"$600,000 to $655,000","27 Trefella Rise, Drouin",House,4,2,2,,,,https://www.realestate.com.au/property-house-vic-drouin-145932788
"$641,618 Affordable Living in Clyde North!!!","0013 Yardi Way, Clyde North",House,3,2,2,,,,https://www.realestate.com.au/property-house-vic-clyde+north-145918988
$645K 4Bed H&L package,"29 Kenmore way, Clyde North",House,4,2,2,,,,https://www.realestate.com.au/property-house-vic-clyde+north-145918860
"$630,000 - $660,000","6 Ecurb Street, Clyde North",House,3,2,2,,,,https://www.realestate.com.au/property-house-vic-clyde+north-145887880
"$628,082 Affordable Dream Home!!","21 Kenmore Way, Clyde North",House,3,2,2,,,,https://www.realestate.com.au/property-house-vic-clyde+north-145857412
"$641,618 Affordable Living in Clyde  North!!!","13 Yardi Way, Clyde North",House,3,2,2,,,,https://www.realestate.com.au/property-house-vic-clyde+north-145846604
"$599,900 Fixed Price & Full Turnkey Inclusions","Lot 919 Forage Street, Officer",House,3,2,1,,,,https://www.realestate.com.au/property-house-vic-officer-145845332
"$618,302 Unbeatable value!!","Lot 35 Kenmore Way, Clyde North",House,3,2,2,,,,https://www.realestate.com.au/property-house-vic-clyde+north-145833928
$647K 3Bed Home,"15 Perimeter St, Hampton Park",House,3,2,2,,,,https://www.realestate.com.au/property-house-vic-hampton+park-145818440
"$579,000","8A Mickle Street, Koo Wee Rup",House,3,2,2,,,,https://www.realestate.com.au/property-house-vic-koo+wee+rup-145814608
$649K 3Bed Home,"Lot 15 Perimeter Road, Hampton Park",House,3,2,2,,,,https://www.realestate.com.au/property-house-vic-hampton+park-145800460
"$639,400","LOT 246 Vantage Rise, Warragul",House,3,2,2,,,,https://www.realestate.com.au/property-house-vic-warragul-145792424
$619K 4Bed Gem,"Lot 2442 Carrera Road, Clyde",House,4,2,2,,,,https://www.realestate.com.au/property-house-vic-clyde-145795348
$619K Budget-friendly,"Lot 143 Someford Drive, Clyde North",House,4,2,1,,,,https://www.realestate.com.au/property-house-vic-clyde+north-145795336
$642K 4Bed H&L,"149 Someford Drive, Clyde North",House,4,2,2,,,,https://www.realestate.com.au/property-house-vic-clyde+north-145795320
$594K Affordable H&L,"141 Somerford Drive, Clyde North",House,3,2,2,,,,https://www.realestate.com.au/property-house-vic-clyde+north-145795308
$585K Best H&L Deal,"55 Tines Road, Clyde North",House,4,2,1,,,,https://www.realestate.com.au/property-house-vic-clyde+north-145795300
"$566,848","200 Vantage Rise, Warragul",House,4,2,2,,,,https://www.realestate.com.au/property-house-vic-warragul-145775924
$639K 4Bed H&L,"249 Villa Doria Road, Clyde North",House,4,2,2,,,,https://www.realestate.com.au/property-house-vic-clyde+north-145761164
$639K 4Bed H&L,"122 Yardi Way, Clyde North",House,4,2,2,,,,https://www.realestate.com.au/property-house-vic-clyde+north-145761156
$645K 4Bed H&L,"111 Yardi Way, Clyde North",House,4,2,2,,,,https://www.realestate.com.au/property-house-vic-clyde+north-145761140
$609K 3Bed H&L,"211 Kenmore Way, Clyde North",House,3,2,2,,,,https://www.realestate.com.au/property-house-vic-clyde+north-145761132
$599K 3Bed H&L,"335 Kenmore way, Clyde North",House,3,2,2,,,,https://www.realestate.com.au/property-house-vic-clyde+north-145761104
"$647,800","Lot 1026 Adiantum Road, Drouin",House,4,2,2,,,,https://www.realestate.com.au/property-house-vic-drouin-145741372
$599K 3Bed H&L,"44 Jessfield Dr, Cranbourne East",House,3,2,2,,,,https://www.realestate.com.au/property-house-vic-cranbourne+east-145729004
$629K 4Bed H&L,"Lot 50 Daisy St, Officer",House,4,2,2,,,,https://www.realestate.com.au/property-house-vic-officer-145728280
$639K 4Bed H&L,"2249 Villa Doria Drive, Clyde North",House,4,2,2,,,,https://www.realestate.com.au/property-house-vic-clyde+north-145728184
"$545,406","245 Vantage Rise, Warragul",House,3,2,1,,,,https://www.realestate.com.au/property-house-vic-warragul-145719996
"$630,000 – 667,000","Lot 711 Operetta  Close, Junction Village",House,3,2,2,,,,https://www.realestate.com.au/property-house-vic-junction+village-145695976
"$630,000","131 Claremont Drive, Warragul",House,4,2,2,,,,https://www.realestate.com.au/property-house-vic-warragul-145662008
"$633,918","Lot 137 Shaleal Way, Clyde North",House,3,2,2,,,,https://www.realestate.com.au/property-house-vic-clyde+north-145647516
$569K 3Bed H&L,"Lot33 Kenmore Way, Clyde North",House,3,2,2,,,,https://www.realestate.com.au/property-house-vic-clyde+north-145609072
"From* $627,375","Lot 260 Vantage Rise, Warragul",House,4,2,2,,,,https://www.realestate.com.au/property-house-vic-warragul-145613140
$645K 4Bed H&L,"Lot10 Yardi Way, Clyde North",House,4,2,2,,,,https://www.realestate.com.au/property-house-vic-clyde+north-145605376
$589K 3Bed H&L,"Lot4 Yardi Way, Clyde North",House,3,2,2,,,,https://www.realestate.com.au/property-house-vic-clyde+north-145605348
"$648,300","Lot 243 Vantage Rise, Warragul",House,4,2,2,,,,https://www.realestate.com.au/property-house-vic-warragul-145605320
$629K Titled H&L,"30 Daisy St Officer, Officer",House,4,2,2,,,,https://www.realestate.com.au/property-house-vic-officer-145570832
$569K H&L Act Fast!!,"130 Jessifield Road, Cranbourne East",House,3,2,2,,,,https://www.realestate.com.au/property-house-vic-cranbourne+east-145563220
$585K Best H&L Deal,"16 Tines Way, Clyde North",House,3,2,1,,,,https://www.realestate.com.au/property-house-vic-clyde+north-145562572
$598K Act Now!!!,"22 Glebe St, Clyde North",House,3,2,2,,,,https://www.realestate.com.au/property-house-vic-clyde+north-145562460
"$551,848","Lot 200 Vantage Rise, Warragul",House,3,2,2,,,,https://www.realestate.com.au/property-house-vic-warragul-145547676
,"Lot 341 Chance Way, Clyde North, Vic 3978, Clyde North",House,4,2,2,,,,https://www.realestate.com.au/property-house-vic-clyde+north-145516380
$649K Full Turnkey,"332  Shovler St, Clyde North",House,4,2,1,,,,https://www.realestate.com.au/property-house-vic-clyde+north-145498596
$599K Total Package,"45 Jessifield Terrace, Cranbourne East",House,3,2,2,,,,https://www.realestate.com.au/property-house-vic-cranbourne+east-145483276
$599K Total Package,"610  Montagna Dr, Clyde",House,3,2,2,,,,https://www.realestate.com.au/property-house-vic-clyde-145473904
$609K H&L Package,"70 Shearjoy Loop, Clyde North, Clyde North",House,3,2,2,,,,https://www.realestate.com.au/property-house-vic-clyde+north-145467000
"$620,000-$660,000","17 Jennifer Court, Pakenham",House,4,2,2,,,,https://www.realestate.com.au/property-house-vic-pakenham-145181756
"From* $634,706","Lot 3002 Simmental Street, Drouin",House,4,2,2,,,,https://www.realestate.com.au/property-house-vic-drouin-145425764
,"Lot 40  Granite Court, Cranbourne East",House,3,2,2,,,,https://www.realestate.com.au/property-house-vic-cranbourne+east-145280400
"$650,000 - $685,000","25 Kookaburra Grove, Neerim South",House,4,2,2,,,,https://www.realestate.com.au/property-house-vic-neerim+south-144844844
$650K PLUS,"LOT 1615 CANOPY ESTATE BE QUICK WILL SELL TODAY, Cranbourne",House,4,2,2,,,,https://www.realestate.com.au/property-house-vic-cranbourne-145161076
"$623,974","249 Vantage Rise, Warragul",House,4,2,2,,,,https://www.realestate.com.au/property-house-vic-warragul-145148788
"$618,100","248 Vantage Rise, Warragul",House,3,2,2,,,,https://www.realestate.com.au/property-house-vic-warragul-145148664
"$596,700","251 Vantage Rise, Warragul",House,3,2,1,,,,https://www.realestate.com.au/property-house-vic-warragul-145148748
,"9 Luscombe Avenue, Carrum Downs",House,4,2,4,,,,https://www.realestate.com.au/property-house-vic-carrum+downs-144635448
"$613,000 - Fixed price, Full turnkey House & Land!","560 Pompei St, Clyde",House,3,2,2,,,,https://www.realestate.com.au/property-house-vic-clyde-144533320
"$613,500 - Great Price - $0 Stamp Duty for FHBs!","Lot 560 Pompei St, Clyde",House,3,2,2,,,,https://www.realestate.com.au/property-house-vic-clyde-144495308
$621K Total Turnkey!!!,"21 Jennifer ct, Pakenham",House,4,2,2,,,,https://www.realestate.com.au/property-house-vic-pakenham-144379160
"$599,000 - Fixed Price & Full Turnkey Inclusions","1 Deoro Parade, Clyde North",House,3,2,1,,,,https://www.realestate.com.au/property-house-vic-clyde+north-144303296
"$648,900 - Full Turnkey Inclusions","2640 Harlem Way, Berwick",House,3,3,1,,,,https://www.realestate.com.au/property-house-vic-berwick-144105524
"$622,300 Full Turnkey Inclusions","Lot 4033 Rondo Circuit, Junction Village",House,4,2,2,,,,https://www.realestate.com.au/property-house-vic-junction+village-142995916
"$580,000 - $620,000","53 Melaan  Way, Clyde North",House,3,2,1,,,,https://www.realestate.com.au/property-house-vic-clyde+north-142821440
"$599,880 - Full turnkey Home- All inclusions!","Lot 1107 Dalhalla Cct, Clyde North",House,3,2,2,,,,https://www.realestate.com.au/property-house-vic-clyde+north-142569992
"$640,000 -$690,000","11 Ravenna Street, Clyde",House,4,2,2,,,,https://www.realestate.com.au/property-house-vic-clyde-142551728
"$650,000 - $700,000 BRAND NEW!","16 Tartan Drive, Clyde North",House,4,2,1,,,,https://www.realestate.com.au/property-house-vic-clyde+north-142323028
"$599,990 - Titled Land - LIMITED TIME OFFER!","49 Shearjoy St, Clyde North",House,3,2,2,,,,https://www.realestate.com.au/property-house-vic-clyde+north-142288676
"$619,900 Full Turnkey Inclusions","Lot 571 Sawmiller Street, Officer",House,3,2,2,,,,https://www.realestate.com.au/property-house-vic-officer-140944328
"$599,900 Full Turnkey Inclusions","Lot 224 Maple Grove, Nar Nar Goon North",House,3,2,1,,,,https://www.realestate.com.au/property-house-vic-nar+nar+goon+north-140593175