,Price,Address,Property Type,Beds,Baths,Car,Inspection Time,Area,Agent,RE_URL,Suburb
0,"$530,000-$560,000","1 Verdant Drive, Donnybrook",,3,2,2,,,Daniel Di Battista,https://www.realestate.com.au/property-house-vic-donnybrook-147045764,Donnybrook
1,"$590,000 - $649,000","20 Tivoli Way, Mickleham",,4,2,2,Inspection Sat 25 Jan 2:30 pm,262m²,Tim Romeril,https://www.realestate.com.au/property-house-vic-mickleham-146925816,Mickleham
2,,"92 Farm Crescent, Donnybrook",,4,3,2,Inspection Sat 25 Jan 11:00 am,,Waseem Gethya,https://www.realestate.com.au/property-house-vic-donnybrook-146925764,Donnybrook
3,"$640,000 - $680,000","5 Beaconsfield Dr, Mickleham",,4,2,2,,,Jay Singh,https://www.realestate.com.au/property-house-vic-mickleham-144749248,Mickleham
4,,"32 Loudon Circuit, Craigieburn",,3,2,2,,312m²,Robin Dhalla,https://www.realestate.com.au/property-house-vic-craigieburn-147045268,Craigieburn
5,,"31 Thompson Crescent, Roxburgh Park",,5,2,2,Inspection tomorrow 5:30 pm,540m²,Melissa Abela,https://www.realestate.com.au/property-house-vic-roxburgh+park-146925540,Roxburgh Park
6,"$600,000 - $650,000","16 Punchbowl Road, Kalkallo",,4,2,2,Inspection Sat 25 Jan 10:00 am,,Jagjeet Tiwana,https://www.realestate.com.au/property-house-vic-kalkallo-146573484,Kalkallo
7,"$640,000 - $670,000","11 Decumbens Way, Donnybrook",,4,2,2,Inspection Sat 25 Jan 1:00 pm,338m²,Jay Virk,https://www.realestate.com.au/property-house-vic-donnybrook-147044196,Donnybrook
8,,"6 Glideriter Road, Donnybrook",,4,2,2,Inspection Sat 25 Jan 2:00 pm,319m²,Mandeep Gagain,https://www.realestate.com.au/property-house-vic-donnybrook-144745940,Donnybrook
9,"$630,000 - $660,000","9 Onoway Approach, Mickleham",,4,2,2,,375m²,Jessica Kaur,https://www.realestate.com.au/property-house-vic-mickleham-145600428,Mickleham
10,"$650,000 - $690,000","20 Ardsley Circuit, Craigieburn",,4,2,2,Inspection Sat 25 Jan 9:30 am,571m²,Domenic Campisi,https://www.realestate.com.au/property-house-vic-craigieburn-147042240,Craigieburn
11,"ESR: $570,000 - $620,000","875 Edgars Road, Epping",,4,2,2,Inspection Sat 25 Jan 1:00 pm,322m²,Jay Moxon,https://www.realestate.com.au/property-house-vic-epping-147041972,Epping
12,,"7 Zeal Way, Craigieburn",,4,2,2,Inspection Sat 25 Jan 2:30 pm,,Samira Haidary,https://www.realestate.com.au/property-house-vic-craigieburn-146119340,Craigieburn
13,"$640,000 - $680,000","15 Cobungra Grove, Wollert",,5,3,2,Inspection Sat 25 Jan 1:30 pm,,Walter Orlandi,https://www.realestate.com.au/property-house-vic-wollert-145126088,Wollert
14,"Auction Onsite 2nd Feb 1:30 PM $450,000-$490,000","43 Curbridge Drive, Donnybrook",,3,2,2,Inspection tomorrow 6:00 pm,,Vineet Wadehra,https://www.realestate.com.au/property-house-vic-donnybrook-146921992,Donnybrook
15,"$640,000 - $665,000","14 Tungsten Drive, Kalkallo",,4,2,2,Inspection tomorrow 7:00 pm,,Love Sharma,https://www.realestate.com.au/property-house-vic-kalkallo-146921912,Kalkallo
16,"$590,000 - 640,000","11 Cerulean Street, Wollert",,4,3,2,Inspection Sat 25 Jan 2:00 pm,,Samaira Ahuja,https://www.realestate.com.au/property-house-vic-wollert-146921908,Wollert
17,,"20 Mealie Avenue, Mickleham",,4,2,2,,,Ali Alsalemy,https://www.realestate.com.au/property-house-vic-mickleham-146766056,Mickleham
18,"ESR: $620,000 - $680,000","63 Fortress Road, Doreen",,3,2,1,Inspection Sat 25 Jan 10:00 am,,Luke El Moussalli,https://www.realestate.com.au/property-house-vic-doreen-147038480,Doreen
19,,"6 Galileo Place, Greenvale",,4,3,2,Inspection Tue 28 Jan 6:00 pm,,Noora Duqman,https://www.realestate.com.au/property-house-vic-greenvale-146116176,Greenvale
20,,"5 Chilworth Street, Donnybrook",,3,2,1,,,Moe Al-mnahi,https://www.realestate.com.au/property-house-vic-donnybrook-144492440,Donnybrook
21,,"15 Lowline Way, Wollert",,4,3,2,Inspection tomorrow 5:00 pm,,Manish Sharma,https://www.realestate.com.au/property-house-vic-wollert-146907576,Wollert
22,,"2 Azure Road, Wollert",,4,2,2,Inspection Sat 25 Jan 2:30 pm,,Manish Sharma,https://www.realestate.com.au/property-house-vic-wollert-146973256,Wollert
23,,"8 Azure Road, Wollert",,3,2,1,Inspection Sat 25 Jan 2:30 pm,,Manish Sharma,https://www.realestate.com.au/property-house-vic-wollert-146976656,Wollert
24,,"2 Edgedell Avenue, Kalkallo",,4,2,2,Inspection Sat 25 Jan 11:45 am,501m²,Prashant Battu,https://www.realestate.com.au/property-house-vic-kalkallo-146969304,Kalkallo
25,,"32 Valetta Street, Mickleham",,4,2,2,Inspection Sat 25 Jan 12:30 pm,,Prashant Battu,https://www.realestate.com.au/property-house-vic-mickleham-146968856,Mickleham
26,,"30 Valetta Street, Mickleham",,4,2,2,Inspection Sat 25 Jan 12:30 pm,,Prashant Battu,https://www.realestate.com.au/property-house-vic-mickleham-146968524,Mickleham
27,,"11 Hackney Way, Kalkallo",,4,2,2,Inspection Sat 25 Jan 12:00 pm,425m²,Arvin Nagra,https://www.realestate.com.au/property-house-vic-kalkallo-145972396,Kalkallo
28,"$590,000 - $630,000","77 Bridgehaven Drive, Craigieburn",,4,2,2,Inspection Sat 25 Jan 11:00 am,,Ramazan Yavuz,https://www.realestate.com.au/property-house-vic-craigieburn-147035156,Craigieburn
29,,"Address available on request, Donnybrook",,3,2,1,,,Ola Alsalemy,https://www.realestate.com.au/property-house-vic-donnybrook-141361616,Donnybrook
30,,"11 Nasturium Street, Kalkallo",,4,2,2,Inspection tomorrow 7:00 pm,,Arvin Nagra,https://www.realestate.com.au/property-house-vic-kalkallo-146703928,Kalkallo
31,"$545,000-$595,000","11 Melaleuca Drive, Meadow Heights",,3,2,2,Inspection Sat 25 Jan 1:45 pm,550m²,Erhan Kalistu,https://www.realestate.com.au/property-house-vic-meadow+heights-147034348,Meadow Heights
32,"$470,000 to $500,000","20 Fashion Parade, Broadmeadows",,3,2,4,Inspection tomorrow 5:30 pm,610m²,Nick Fernandez,https://www.realestate.com.au/property-house-vic-broadmeadows-146895144,Broadmeadows
33,"$650,000 - $715,000","5 Risdon Chase, Wollert",,4,2,2,Inspection Sat 25 Jan 11:30 am,400m²,Hayden Assaad,https://www.realestate.com.au/property-house-vic-wollert-147034208,Wollert
34,,"37 Times Street, Kalkallo",,4,2,2,Inspection tomorrow 5:15 pm,,Abeer Al-hatab,https://www.realestate.com.au/property-house-vic-kalkallo-146562032,Kalkallo
35,,"30 Skye Walk, Wollert",,3,2,2,Inspection Sat 25 Jan 2:00 pm,,Rashna Luitel,https://www.realestate.com.au/property-house-vic-wollert-146561992,Wollert
36,"$630,000","5 Hallifax Walk, Epping",,3,2,3,,,Bic Nguyen,https://www.realestate.com.au/property-house-vic-epping-146256640,Epping
37,"$599,000 - $649,000","28 Eremaea Road, Craigieburn",,3,2,2,,,Gee Mahna,https://www.realestate.com.au/property-house-vic-craigieburn-144738568,Craigieburn
38,"$635,000 - $655,000","38 Ballina Crescent, Donnybrook",,4,2,2,Inspection tomorrow 5:00 pm,,Love Sharma,https://www.realestate.com.au/property-house-vic-donnybrook-146772360,Donnybrook
39,"$570,000 - $590,000","10 Anglesea Drive, Wollert",,3,2,1,Inspection Sat 25 Jan 1:00 pm,,Sherry Singh,https://www.realestate.com.au/property-house-vic-wollert-146702712,Wollert
40,"$630,000 - $660,000","Address available on request, Mickleham",,4,2,1,,,Karam Virk,https://www.realestate.com.au/property-house-vic-mickleham-144485896,Mickleham
41,"$500,000 - $550,000","217 Windrock Avenue, Craigieburn",,3,2,2,Inspection tomorrow 6:00 pm,,Inas Sora,https://www.realestate.com.au/property-house-vic-craigieburn-144485944,Craigieburn
42,"$600,000 - $640,000","5 Northall Road, Mickleham",,4,2,2,,392m²,Adrian Prestileo,https://www.realestate.com.au/property-house-vic-mickleham-146895148,Mickleham
43,,"13 Xenon Road, Kalkallo",,4,2,1,Inspection Sat 25 Jan 12:00 pm,,Mandeep Gagain,https://www.realestate.com.au/property-house-vic-kalkallo-144735316,Kalkallo
44,,"5A Rocklands Rise, Meadow Heights",,3,2,2,,,Michael Abbas,https://www.realestate.com.au/property-house-vic-meadow+heights-146106260,Meadow Heights
45,,"7 Thyridia Street, Mickleham",,5,3,2,,,Ali Alsalemy,https://www.realestate.com.au/property-house-vic-mickleham-146407840,Mickleham
46,"$600,000 - $650,000","2 Silkwood Lane, Craigieburn",,4,2,2,Inspection tomorrow 5:30 pm,,Kristie Davies,https://www.realestate.com.au/property-house-vic-craigieburn-147030408,Craigieburn
47,,"29 Eastside Boulevard, Donnybrook",,4,2,2,Inspection tomorrow 6:00 pm,350m²,Arvin Nagra,https://www.realestate.com.au/property-house-vic-donnybrook-146699936,Donnybrook
48,"$650,000-$690,000","21 Bonang Drive, Doreen",,3,2,2,,375m²,Aaron Geary,https://www.realestate.com.au/property-house-vic-doreen-146915012,Doreen
49,,"3 Countess Circuit, Wollert",,4,2,2,,313m²,Rishi Railowal,https://www.realestate.com.au/property-house-vic-wollert-146556708,Wollert
50,"$600,000 - $660,000","21 Statesman Avenue, Roxburgh Park",,4,2,2,Inspection Sat 25 Jan 11:30 am,480m²,Tim Romeril,https://www.realestate.com.au/property-house-vic-roxburgh+park-147029560,Roxburgh Park
51,,"12 Molesworth Crescent, Donnybrook",,4,2,2,Inspection Sat 25 Jan 12:45 pm,371m²,Arvin Nagra,https://www.realestate.com.au/property-house-vic-donnybrook-145589060,Donnybrook
52,,"14 Serenade Street, Donnybrook",,3,2,1,,,Mandeep Sekhon,https://www.realestate.com.au/property-house-vic-donnybrook-146555804,Donnybrook
53,"$580,000 - $630,000","33 Sunnybrae Drive, Mernda",,4,2,2,Inspection tomorrow 5:00 pm,389m²,Chloe Topouzis,https://www.realestate.com.au/property-house-vic-mernda-146914076,Mernda
54,"$550,000 - $570,000","3 Mitford Crescent, Craigieburn",,3,2,2,,676m²,Nick Fernandez,https://www.realestate.com.au/property-house-vic-craigieburn-146895188,Craigieburn
55,"$550,000 - $570,000","Address available on request, Donnybrook",,3,2,1,,,Sunil Gandham,https://www.realestate.com.au/property-house-vic-donnybrook-143611648,Donnybrook
56,"$620,000 - $680,000","103 Arnaud Loop, Wollert",,4,2,2,Inspection Sat 25 Jan 1:30 pm,375m²,Abraham Solomon,https://www.realestate.com.au/property-house-vic-wollert-146913332,Wollert
57,"$570,000 - $610,000","12  Bunting Crescent, Kalkallo",,4,2,2,Inspection tomorrow 6:10 pm,,Domenic Campisi,https://www.realestate.com.au/property-house-vic-kalkallo-146913204,Kalkallo
58,"ESR:$560,000 - $610,000","16 Etherington Drive, Mernda",,3,2,1,Inspection Sat 25 Jan 1:15 pm,,Phil Di Battista,https://www.realestate.com.au/property-house-vic-mernda-146954912,Mernda
59,"ESR: $490,000 - $530,000","17 Tooten Road, Wollert",,3,2,1,Inspection Sat 25 Jan 11:00 am,,Phil Di Battista,https://www.realestate.com.au/property-house-vic-wollert-147027000,Wollert
60,"$620,000-$650,000","19 Malmsbury Drive, Meadow Heights",,4,2,1,Inspection tomorrow 6:00 pm,537m²,Amin Halabi,https://www.realestate.com.au/property-house-vic-meadow+heights-146911940,Meadow Heights
61,"$500,000 - $550,000","10 Laurina Street, Kalkallo",,3,2,2,,213m²,Hayden Assaad,https://www.realestate.com.au/property-house-vic-kalkallo-146911848,Kalkallo
62,,"7 Mealie Avenue, Mickleham",,4,2,2,Inspection Sat 25 Jan 1:00 pm,,Ola Alsalemy,https://www.realestate.com.au/property-house-vic-mickleham-146550144,Mickleham
63,,"44 Cottonwood Drive, Wollert",,4,2,1,,,Om Minhas,https://www.realestate.com.au/property-house-vic-wollert-145844976,Wollert
64,"$600,000 - $660,000","23 Laxdale Grove, Mickleham",,4,2,2,,,Mickey (Sween) Arya,https://www.realestate.com.au/property-house-vic-mickleham-146244376,Mickleham
65,$600k - $660k,"7 Gervase Avenue, Glenroy",,3,2,2,,215m²,Claudio Cuomo,https://www.realestate.com.au/property-house-vic-glenroy-147024052,Glenroy
66,,"Address available on request, Donnybrook",,4,2,2,,,Manu Kumar,https://www.realestate.com.au/property-house-vic-donnybrook-141613916,Donnybrook
67,,"18 Rosmead Street,, Craigieburn",,3,2,1,,,Moe Al-mnahi,https://www.realestate.com.au/property-house-vic-craigieburn-146547028,Craigieburn
68,"$640,000 - $675,000","41 HUNTINGTOWER AVE, Mickleham",,4,2,2,,262m²,Hammy,https://www.realestate.com.au/property-house-vic-mickleham-145666256,Mickleham
69,"$590,000 - $620,000","4 Madura Promenade, Mickleham",,4,2,1,,,Adrian Prestileo,https://www.realestate.com.au/property-house-vic-mickleham-146895184,Mickleham
70,"$500,000 - $550,000","91 Lemonwood Drive, Greenvale",,3,2,1,Inspection tomorrow 5:30 pm,,Jamee Favorito,https://www.realestate.com.au/property-house-vic-greenvale-147021112,Greenvale
71,"$550,000 to $590,000","8 Oxygen Street., Kalkallo",,3,2,1,Inspection Sat 25 Jan 2:30 pm,,Param Singh,https://www.realestate.com.au/property-house-vic-kalkallo-146689088,Kalkallo
72,,"3 Bentons Way, Mickleham",,4,2,2,Inspection Sat 25 Jan 11:30 am,,Jayant Poonia,https://www.realestate.com.au/property-house-vic-mickleham-146689012,Mickleham
73,,"4 Yasuda Way, Kalkallo",,4,2,1,,,Jayant Poonia,https://www.realestate.com.au/property-house-vic-kalkallo-146540516,Kalkallo
74,"$590,000 to $635,000","13 Dianella Avenue, Kalkallo",,4,2,2,,350m²,Prashant Battu,https://www.realestate.com.au/property-house-vic-kalkallo-146389864,Kalkallo
75,,"Address available on request, Donnybrook",,4,2,1,,,Harry Banga,https://www.realestate.com.au/property-house-vic-donnybrook-143346484,Donnybrook
76,,"69 Brossard Road, Mickleham",,3,2,1,,,Rashna Luitel,https://www.realestate.com.au/property-house-vic-mickleham-145453944,Mickleham
77,,"7 Eulinga Street, Mickleham",,4,2,2,Inspection Sat 25 Jan 12:30 pm,262m²,Raghad Misho,https://www.realestate.com.au/property-house-vic-mickleham-147017188,Mickleham
78,,"35 Winterfell road, Donnybrook",,4,2,2,,,Shubham Banger,https://www.realestate.com.au/property-house-vic-donnybrook-146536724,Donnybrook
79,AUCTION | $630K-$660K,"6 Linden Close, Meadow Heights",,3,2,4,Inspection tomorrow 5:00 pm,690m²,Alex Briggs,https://www.realestate.com.au/property-house-vic-meadow+heights-147016864,Meadow Heights
80,"$609,000","40 Rochford Drive, Donnybrook",,4,2,2,Inspection Sat 25 Jan 1:15 pm,315m²,Damien Crivelli,https://www.realestate.com.au/property-house-vic-donnybrook-147016552,Donnybrook
81,"$539,000","6 Hawkesbury Drive, Donnybrook",,3,2,2,Inspection Sat 25 Jan 2:00 pm,,Damien Crivelli,https://www.realestate.com.au/property-house-vic-donnybrook-147016544,Donnybrook
82,"$550,000 - $600,000","7 Neon Street, Kalkallo",,3,2,1,,,Jack Esho,https://www.realestate.com.au/property-house-vic-kalkallo-145705040,Kalkallo
83,"$500,000-$550,000","2A Courtyard Way, Roxburgh Park",,3,2,1,Inspection Sat 25 Jan 10:30 am,175m²,Amin Halabi,https://www.realestate.com.au/property-house-vic-roxburgh+park-146239052,Roxburgh Park
84,,"12 The Burchett, Wollert",,3,2,1,,,Jag Kang,https://www.realestate.com.au/property-house-vic-wollert-145836864,Wollert
85,$509K - $549K /36 Latchford Dr Mickleham,"Address available on request, Mickleham",,3,2,1,,,Pardeep Kumar,https://www.realestate.com.au/property-house-vic-mickleham-145573164,Mickleham
86,"$580,000-$620,000","9 Rostron Way, Roxburgh Park",,3,2,1,Inspection Sat 25 Jan 10:00 am,,Amin Khoder,https://www.realestate.com.au/property-house-vic-roxburgh+park-147015372,Roxburgh Park
87,"ASKING PRICE $575,000","7 Lion Chase, Craigieburn",,3,2,1,Inspection tomorrow 6:00 pm,262m²,Ricky Singh,https://www.realestate.com.au/property-house-vic-craigieburn-146386332,Craigieburn
88,"$590,000 - $620,000","129 Huntington Drive, Craigieburn",,4,2,2,,,Trish Orrico,https://www.realestate.com.au/property-house-vic-craigieburn-146895168,Craigieburn
89,,"Address available on request, Kalkallo",,4,2,2,,,Aayush Sharma,https://www.realestate.com.au/property-house-vic-kalkallo-143204444,Kalkallo
90,,"6 Aniseed Street, Mickleham",,4,2,2,,,Ali Al Saffar,https://www.realestate.com.au/property-house-vic-mickleham-146754368,Mickleham
91,Auction | $490k - $530k,"17/195 Johnstone Street, Westmeadows",,3,2,1,Inspection Sat 25 Jan 10:00 am,175m²,Dom Zampaglione,https://www.realestate.com.au/property-house-vic-westmeadows-147013980,Westmeadows
92,"$590,000 - $620,000","12 Green Hill Place, Craigieburn",,3,2,2,Inspection Sat 25 Jan 11:00 am,,Trish Orrico,https://www.realestate.com.au/property-house-vic-craigieburn-146531804,Craigieburn
93,"$560,000 - $590,000","16 Amfissa Street, Wollert",,3,2,1,Inspection Sat 25 Jan 11:30 am,,Kiranvir Buttar,https://www.realestate.com.au/property-house-vic-wollert-146384400,Wollert
94,,"8 Bracegirdle Drive, Mickleham",,4,2,2,Inspection tomorrow 6:00 pm,,Sahib Singh,https://www.realestate.com.au/property-house-vic-mickleham-146846852,Mickleham
95,,"21 Bloodwood Street, Kalkallo",,4,3,2,Inspection tomorrow 6:00 pm,,Abeer Al-hatab,https://www.realestate.com.au/property-house-vic-kalkallo-146944128,Kalkallo
96,,"5 Aniseed Street, Mickleham",,4,2,2,,,Moe Al-mnahi,https://www.realestate.com.au/property-house-vic-mickleham-146837992,Mickleham
97,,"37 Mealie Avenue, Mickleham",,4,2,2,Inspection tomorrow 5:00 pm,,Hitendra Jodawat,https://www.realestate.com.au/property-house-vic-mickleham-146738176,Mickleham
98,,"6 Bonnyview Road, Craigieburn",,4,2,2,Inspection Sat 25 Jan 1:00 pm,,Admon Paules,https://www.realestate.com.au/property-house-vic-craigieburn-146748168,Craigieburn
99,,"15 Cream Road, Donnybrook",,4,2,2,Inspection tomorrow 7:00 pm,,Sahib Singh,https://www.realestate.com.au/property-house-vic-donnybrook-146748716,Donnybrook
100,,"28 Caspian Drive, Craigieburn",,4,2,2,Inspection tomorrow 6:00 pm,,Ryan Gaire,https://www.realestate.com.au/property-house-vic-craigieburn-146766120,Craigieburn
101,,"25 Columbus Road, Kalkallo",,3,2,1,Inspection Sat 25 Jan 2:00 pm,,Sahib Singh,https://www.realestate.com.au/property-house-vic-kalkallo-146841376,Kalkallo
102,"$640,000-$655,000","5 Ginger Crescent, Mickleham",,4,2,2,Inspection Sat 25 Jan 12:00 pm,350m²,James Farrugia,https://www.realestate.com.au/property-house-vic-mickleham-146530296,Mickleham
103,,"Address available on request, Kalkallo",,4,2,2,,,Robin Dhalla,https://www.realestate.com.au/property-house-vic-kalkallo-145570344,Kalkallo
104,"ESR: $640,000 To $690,000","6 Edgedell Avenue, Kalkallo",,4,2,2,,350m²,Nitin Batra,https://www.realestate.com.au/property-house-vic-kalkallo-144213648,Kalkallo
105,,"7 Mensa Court, Roxburgh Park",,3,2,1,,416m²,Omer Khoder,https://www.realestate.com.au/property-house-vic-roxburgh+park-143201696,Roxburgh Park
106,,"Address available on request, Donnybrook",,3,2,2,,,Arvin Nagra,https://www.realestate.com.au/property-house-vic-donnybrook-145322164,Donnybrook
107,"Private Sale $640,000 - $670,000","9 Davis Circuit, Wollert",,4,2,2,,,Nitin Rana,https://www.realestate.com.au/property-house-vic-wollert-146382056,Wollert
108,"$630,000 - $680,000","10 Galvin Ct, Meadow Heights",,5,3,2,,771m²,Mohammed El Hawli,https://www.realestate.com.au/property-house-vic-meadow+heights-146879720,Meadow Heights
109,,"41 Kilarnie Boulevard, Wollert",,4,2,2,Inspection tomorrow 5:00 pm,,Bikram Sidhu,https://www.realestate.com.au/property-house-vic-wollert-146793660,Wollert
110,"$600,000 - $640,000","17 Cream Road, Donnybrook",,4,2,2,Inspection tomorrow 6:15 pm,,Love Sharma,https://www.realestate.com.au/property-house-vic-donnybrook-146676424,Donnybrook
111,,"Address available on request, Mickleham",,3,2,2,,,Mickey (Sween) Arya,https://www.realestate.com.au/property-house-vic-mickleham-140638363,Mickleham
112,,"5 Yumbarra Parade, Wollert",,3,2,1,,336m²,Pir Sidhu,https://www.realestate.com.au/property-house-vic-wollert-146673504,Wollert
113,"Private Sale-$580,000-$610,000","14 REMINIS DRIVE, Donnybrook",,3,2,1,Inspection Sat 25 Jan 1:15 pm,,Prabhjot Singh,https://www.realestate.com.au/property-house-vic-donnybrook-147012940,Donnybrook
114,"$570,000 - $595,000","202 Brossard Road, Mickleham",,3,2,2,Inspection Sun 2 Feb 12:00 pm,251m²,Ash Daga,https://www.realestate.com.au/property-house-vic-mickleham-146789472,Mickleham
115,"$649,000","6 Messina Street, Mernda",,3,2,1,Inspection Sat 25 Jan 10:00 am,,Sugath Warnasuriya,https://www.realestate.com.au/property-house-vic-mernda-146788896,Mernda
116,,"14 Boglis Avenue, Wollert",,4,2,1,,,Ola Alsalemy,https://www.realestate.com.au/property-house-vic-wollert-145962336,Wollert
117,"$530,000 - $570,000","Address available on request, Kalkallo",,3,2,2,,,Pir Sidhu,https://www.realestate.com.au/property-house-vic-kalkallo-143329292,Kalkallo
118,$650 K (Brand new Craigieburn side),"20 Wallowa Street, Mickleham",,4,2,1,,,Pardeep Kumar,https://www.realestate.com.au/property-house-vic-mickleham-144589408,Mickleham
119,,"29 Goadby Drive, Mernda",,4,2,2,Inspection tomorrow 6:00 pm,384m²,Nick Pradhan,https://www.realestate.com.au/property-house-vic-mernda-146668180,Mernda
120,,"100 Schotters Road, Mernda",,4,3,2,,,Sash Buncic,https://www.realestate.com.au/property-house-vic-mernda-146786844,Mernda
121,"$600,000 - $660,000","4 Solar Way, Mickleham",,3,2,2,,,Khaled Khaled,https://www.realestate.com.au/property-house-vic-mickleham-146373364,Mickleham
122,,"27 Sunridge Drive, Mernda",,3,2,2,Inspection Sat 25 Jan 4:30 pm,,Om Minhas,https://www.realestate.com.au/property-house-vic-mernda-146522892,Mernda
123,,"Address available on request, Kalkallo",,3,2,2,,,Moe Al-mnahi,https://www.realestate.com.au/property-house-vic-kalkallo-142592332,Kalkallo
124,,"1 Bracegirdle Drive, Mickleham",,4,2,2,,,Rajinder Joshan,https://www.realestate.com.au/property-house-vic-mickleham-146659424,Mickleham
125,"$650,000-$700,000","41 Brock Street, Thomastown",,3,2,2,Inspection tomorrow 6:00 pm,688m²,Darren Lambert,https://www.realestate.com.au/property-house-vic-thomastown-146785496,Thomastown
126,,"12 Bounty Road, Donnybrook",,4,2,2,Inspection Sat 25 Jan 10:30 am,,Shubham Banger,https://www.realestate.com.au/property-house-vic-donnybrook-146521760,Donnybrook
127,"$590,000 - $635,000","10/5 Korab Place, Roxburgh Park",,3,3,2,,232m²,Onel Hawil,https://www.realestate.com.au/property-house-vic-roxburgh+park-145958156,Roxburgh Park
128,,"5 Pittsburgh Rd, Kalkallo",,4,3,1,,,Aayush Sharma,https://www.realestate.com.au/property-house-vic-kalkallo-141941588,Kalkallo
129,"$590,000 - $630,000","19 Limpopa Square, Roxburgh Park",,3,2,1,,,,https://www.realestate.com.au/property-house-vic-roxburgh+park-145685992,Roxburgh Park
130,"$650,000 - $690,000","25 Erasmus Avenue, Craigieburn",,3,2,2,Inspection Sat 25 Jan 1:45 pm,,Omer Koksal,https://www.realestate.com.au/property-house-vic-craigieburn-146098072,Craigieburn
131,"$650,000- $700,000","41 Eastside Boulevard, Donnybrook",,4,2,2,,350m²,Nitin Rana,https://www.realestate.com.au/property-house-vic-donnybrook-146519464,Donnybrook
132,,"18 Nasturium Street, Kalkallo",,4,2,2,Inspection Sat 25 Jan 11:15 am,312m²,Usman Maan,https://www.realestate.com.au/property-house-vic-kalkallo-146663500,Kalkallo
133,"$570,000 - $610,000","27 Bentham Street, Roxburgh Park",,4,2,2,,,Evan Yousif,https://www.realestate.com.au/property-house-vic-roxburgh+park-145816712,Roxburgh Park
134,,"44 Nasturium Street, Kalkallo",,4,2,1,Inspection Sat 25 Jan 10:00 am,,Maaz Awais,https://www.realestate.com.au/property-house-vic-kalkallo-146907492,Kalkallo
135,"$600,000 - $660,000","12 Troidini Entrance, Mickleham",,4,2,1,Inspection tomorrow 5:30 pm,,Manar Dindo,https://www.realestate.com.au/property-house-vic-mickleham-146782596,Mickleham
136,,"12 Millennium Road, Craigieburn",,3,2,2,Inspection Sat 25 Jan 2:00 pm,,Jessica Kaur,https://www.realestate.com.au/property-house-vic-craigieburn-146660396,Craigieburn
137,"Private Sale-$630,000-$670,000","29 Ironwood Rd, Mickleham",,4,2,2,Inspection tomorrow 6:15 pm,221m²,Prabhjot Singh,https://www.realestate.com.au/property-house-vic-mickleham-146780168,Mickleham
138,,"248 Toyon Road, Donnybrook",,4,2,2,Inspection tomorrow 6:15 pm,312m²,Arvin Nagra,https://www.realestate.com.au/property-house-vic-donnybrook-146779848,Donnybrook
139,,"Address available on request, Donnybrook",,4,2,2,,,Chetan Chauhan,https://www.realestate.com.au/property-house-vic-donnybrook-145553048,Donnybrook
140,,"Address available on request, Craigieburn",,4,2,1,,,Jessica Kaur,https://www.realestate.com.au/property-house-vic-craigieburn-141936944,Craigieburn
141,"$520,000 - $550,000","23 Boomerang Road, Donnybrook",,3,2,1,Inspection Sat 25 Jan 11:00 am,,Omar Morsi,https://www.realestate.com.au/property-house-vic-donnybrook-146513024,Donnybrook
142,Architectural Masterpiece with 5.4m Ceilings,"12 Aniseed Street, Mickleham",,4,2,2,,,Moe Al-mnahi,https://www.realestate.com.au/property-house-vic-mickleham-146777612,Mickleham
143,"$550,000 - $605,000","18 Clapham Avenue, Wollert",,3,2,2,,,Con Tsalkos,https://www.realestate.com.au/property-house-vic-wollert-146777472,Wollert
144,,"37 Yorkville Road, Kalkallo",,4,2,2,,,Ali Al Saffar,https://www.realestate.com.au/property-house-vic-kalkallo-146655856,Kalkallo
145,,"24 Ironcap Road, Mickleham",,4,3,2,,,Abeer Al-hatab,https://www.realestate.com.au/property-house-vic-mickleham-146510404,Mickleham
146,,"41 Bowenia Avenue, Craigieburn",,3,2,1,,,Abeer Al-hatab,https://www.realestate.com.au/property-house-vic-craigieburn-146510388,Craigieburn
147,"$640,000 - $660,000","10 Edgedell Avenue, Kalkallo",,4,2,2,,374m²,Joe Sortino,https://www.realestate.com.au/property-house-vic-kalkallo-146654152,Kalkallo
148,"$630,000 - $690,000","10 Strickland Avenue, Mill Park",,3,2,2,Inspection tomorrow 6:30 pm,573m²,John Gioftsidis,https://www.realestate.com.au/property-house-vic-mill+park-147010852,Mill Park
149,"$630,000 - $660,000","4 Jum Way, Donnybrook",,4,2,2,,312.51m²,Karam Virk,https://www.realestate.com.au/property-house-vic-donnybrook-146233988,Donnybrook
150,,"5 Tucholsky Drive, Kalkallo",,3,2,1,,,Arvin Nagra,https://www.realestate.com.au/property-house-vic-kalkallo-145675168,Kalkallo
151,,"38 Bank Street, Wollert",,3,2,1,Inspection Sat 25 Jan 12:00 pm,,Dave Singh,https://www.realestate.com.au/property-house-vic-wollert-147009852,Wollert
152,$630k - $660k,"44 Upthorpe Way, Mickleham",,4,2,2,Inspection Sat 25 Jan 11:45 am,407m²,Jatin Mehta,https://www.realestate.com.au/property-house-vic-mickleham-146905156,Mickleham
153,,"70 Quill Circuit, Kalkallo",,4,2,2,Inspection tomorrow 5:30 pm,,Aman Nagra,https://www.realestate.com.au/property-house-vic-kalkallo-146863428,Kalkallo
154,,"56 Eynesbury View, Wollert",,3,2,2,,375m²,Mike Assaad,https://www.realestate.com.au/property-house-vic-wollert-146862944,Wollert
155,,"3 Suffern Street, Donnybrook",,4,2,2,Inspection tomorrow 6:00 pm,,Harry Banga,https://www.realestate.com.au/property-house-vic-donnybrook-146649800,Donnybrook
156,"$640,000 - $680,000","36 Samolus Street, Mickleham",,4,2,2,,,Mickey (Sween) Arya,https://www.realestate.com.au/property-house-vic-mickleham-146649164,Mickleham
157,"$600,000 - $660,000","67 Molesworth Crescent, Donnybrook",,4,2,2,Inspection tomorrow 6:00 pm,,Sharukh Shaik,https://www.realestate.com.au/property-house-vic-donnybrook-146649380,Donnybrook
158,,"10 Tatlow Drive, Epping",,3,2,2,Inspection Sat 25 Jan 10:00 am,542m²,Mario Tucci,https://www.realestate.com.au/property-house-vic-epping-147006448,Epping
159,,"12 Amfissa Street, Wollert",,4,2,2,,,Pir Sidhu,https://www.realestate.com.au/property-house-vic-wollert-146861748,Wollert
160,"$640,000 - $660,000","19 Cream Road, Donnybrook",,4,2,2,Inspection tomorrow 6:15 pm,,Love Sharma,https://www.realestate.com.au/property-house-vic-donnybrook-146648352,Donnybrook
161,"$595,000 - $650,000","65 Bovine Crescent, Donnybrook",,4,2,2,,,Vanny Bains,https://www.realestate.com.au/property-house-vic-donnybrook-146647292,Donnybrook
162,$590000 - $620000,"Address available on request, Kalkallo",,4,2,2,,,Robbie Sandhu,https://www.realestate.com.au/property-house-vic-kalkallo-142816984,Kalkallo
163,,"16/5 Linoak Avenue, Lalor",,3,2,2,Inspection Sat 25 Jan 2:00 pm,148m²,Tim Yu,https://www.realestate.com.au/property-house-vic-lalor-143583316,Lalor
164,"$529,000 - $569,000","45 Rosette Parade, Mickleham",,3,2,1,,,Pardeep Kumar,https://www.realestate.com.au/property-house-vic-mickleham-146768232,Mickleham
165,"$590,000 - $645,000","5 Grandstand Way, Wollert",,3,2,2,Inspection tomorrow 6:00 pm,,Garvit Mediratta,https://www.realestate.com.au/property-house-vic-wollert-147003684,Wollert
166,"$650,000 to $700,000","38 Ironwood Road, Mickleham",,4,2,2,Inspection tomorrow 5:15 pm,,Lana Trpkovski,https://www.realestate.com.au/property-house-vic-mickleham-146223616,Mickleham
167,"AUCTION $630,000 - $693,000","56 Sandover Drive, Roxburgh Park",,4,2,4,Inspection Sat 25 Jan 10:30 am,490m²,Rose Mickoska,https://www.realestate.com.au/property-house-vic-roxburgh+park-147002392,Roxburgh Park
168,,"21 Avisha Way, Greenvale",,5,4,2,,434m²,Moe Al-mnahi,https://www.realestate.com.au/property-house-vic-greenvale-146075928,Greenvale
169,,"76 Bovine Crescent, Donnybrook",,4,2,1,Inspection Sat 25 Jan 12:00 pm,,Waseem Gethya,https://www.realestate.com.au/property-house-vic-donnybrook-146075768,Donnybrook
170,"$480,000 - $510,000","7 Jaffa Street, Kalkallo",,3,2,2,Inspection Sat 25 Jan 11:30 am,275m²,Ameerul Zulfikar,https://www.realestate.com.au/property-house-vic-kalkallo-147000628,Kalkallo
171,"NOW TAKING OFFERS $615,000","6 Tynemouth Way, Donnybrook",,4,2,1,Inspection tomorrow 6:30 pm,263m²,Ali Faour,https://www.realestate.com.au/property-house-vic-donnybrook-146805904,Donnybrook
172,"$599,000-$658,900","12 Crossley Crescent, Coolaroo",,5,2,2,Inspection Sat 25 Jan 2:00 pm,613m²,Habib Kattoura,https://www.realestate.com.au/property-house-vic-coolaroo-146764576,Coolaroo
173,"$500,000-$550,000","26 Thomas Street, Airport West",,4,4,2,,186m²,John Matthews,https://www.realestate.com.au/property-house-vic-airport+west-145926988,Airport West
174,"($599,000) 11 Bracegirdle Dr Mickleham","Address available on request, Mickleham",,3,2,2,,,Pardeep Kumar,https://www.realestate.com.au/property-house-vic-mickleham-145433296,Mickleham
175,"ESR $600,000 - $660,000","27 Laxdale Grove, Mickleham",,4,2,2,Inspection Sat 25 Jan 12:00 pm,313m²,Aman Verma,https://www.realestate.com.au/property-house-vic-mickleham-146216492,Mickleham
176,,"1 to 12/61 Black Braes Boulevard, Mernda",,3,2,2,,,Param Singh,https://www.realestate.com.au/property-house-vic-mernda-144450344,Mernda
177,"$600,000 - $650,000","14 Clowes Street, Mickleham",,3,2,2,,,Paul Rametta,https://www.realestate.com.au/property-house-vic-mickleham-145432908,Mickleham
178,,"4 Selenium Street, Kalkallo",,4,2,2,Inspection Sat 25 Jan 1:00 pm,,Waseem Gethya,https://www.realestate.com.au/property-house-vic-kalkallo-146365436,Kalkallo
179,"$530,000 - $565,000","7 Solitude Lane, Doreen",,3,2,2,Inspection Sat 25 Jan 2:15 pm,384m²,Vanny Bains,https://www.realestate.com.au/property-house-vic-doreen-146215928,Doreen
180,"$630,000 to $660,000","18 Stonecutter Crescent, Wollert",,4,2,2,Inspection Sat 25 Jan 12:30 pm,,Mandeep Sekhon,https://www.realestate.com.au/property-house-vic-wollert-146365256,Wollert
181,,"22 Valetta Street, Mickleham",,3,2,2,,,Aayush Sharma,https://www.realestate.com.au/property-house-vic-mickleham-144581672,Mickleham
182,,"24 Zaatar Street, Mickleham",,4,2,2,Inspection Sat 25 Jan 1:30 pm,,Mohit Jain,https://www.realestate.com.au/property-house-vic-mickleham-146996328,Mickleham
183,,"19 Tindari Way, Wollert",,3,2,2,Inspection tomorrow 6:00 pm,,Gav Malhotra,https://www.realestate.com.au/property-house-vic-wollert-146995748,Wollert
184,"$590,000 - $620,000","22 Tivoli Way, Mickleham",,3,2,2,,,Wahid Baqi,https://www.realestate.com.au/property-house-vic-mickleham-145305196,Mickleham
185,,"Address available on request, Mickleham",,4,2,2,,,Abdul Sleman,https://www.realestate.com.au/property-house-vic-mickleham-142807272,Mickleham
186,"$630,000- $660,000","16 Mawson Street, Mickleham",,4,2,2,Inspection tomorrow 5:30 pm,,Ehab Chmaisse,https://www.realestate.com.au/property-house-vic-mickleham-145918500,Mickleham
187,"ESR  $550,000 - $580,000","130 Juscelina Drive, Craigieburn",,3,2,2,,231m²,Bal Singh,https://www.realestate.com.au/property-house-vic-craigieburn-146213500,Craigieburn
188,,"Address available on request, Donnybrook",,4,2,1,,,Sam Singh,https://www.realestate.com.au/property-house-vic-donnybrook-145055860,Donnybrook
189,,"5a Warnock Street, Broadmeadows",,3,2,2,,,Richard Ali,https://www.realestate.com.au/property-house-vic-broadmeadows-145922036,Broadmeadows
190,"$460,000 - $490,000","10 Millicent Drive, Craigieburn",,3,2,1,Inspection tomorrow 5:00 pm,,Romi Sleiman,https://www.realestate.com.au/property-house-vic-craigieburn-146992748,Craigieburn
191,"$530,000 - $550,000","41 Rosette Parade, Mickleham",,3,2,2,,,Adrian Prestileo,https://www.realestate.com.au/property-house-vic-mickleham-146895196,Mickleham
192,"($611,000 )   9 Dalgety St Mickleham !!","Address available on request, Mickleham",,4,2,1,,,Pardeep Kumar,https://www.realestate.com.au/property-house-vic-mickleham-145178376,Mickleham
193,,"2 Amfissa Street, Wollert",,4,2,2,,,Pir Sidhu,https://www.realestate.com.au/property-house-vic-wollert-146991180,Wollert
194,,"13 Englefield Street, Donnybrook",,4,2,2,,275m²,Carlos Misho,https://www.realestate.com.au/property-house-vic-donnybrook-146208528,Donnybrook
195,,"35 Fitzpatrick Circuit, Kalkallo",,3,2,1,,294m²,Mandeep Gagain,https://www.realestate.com.au/property-house-vic-kalkallo-145300068,Kalkallo
196,"ESR: $579,000 - $619,000","74 Arcturus Dr, Kalkallo",,4,2,1,Inspection Sat 25 Jan 11:45 am,,Carla Primiano,https://www.realestate.com.au/property-house-vic-kalkallo-146506780,Kalkallo
197,"$560,000-$600,000","15/38 Mallard Circuit, Craigieburn",,4,2,2,Inspection Sat 25 Jan 1:00 pm,,Nav Singh,https://www.realestate.com.au/property-house-vic-craigieburn-146988932,Craigieburn
198,,"9 Carignan street, Wollert",,4,2,1,,,Jayant Poonia,https://www.realestate.com.au/property-house-vic-wollert-146357480,Wollert
199,"$610,000 - $650,000","31 Viola Street, Donnybrook",,4,2,2,,,Karam Virk,https://www.realestate.com.au/property-house-vic-donnybrook-145917528,Donnybrook
200,"$650,000 - $670,000","59 Compass Crescent, Donnybrook",,4,2,2,Inspection Sat 25 Jan 10:00 am,,Andrew Chen,https://www.realestate.com.au/property-house-vic-donnybrook-146900980,Donnybrook
201,,"24 Ambrosia Close, Epping",,4,2,2,Inspection Sat 25 Jan 10:30 am,,Bimal Karki,https://www.realestate.com.au/property-house-vic-epping-146757388,Epping
202,,"14 Bittersweet Drive, Kalkallo",,4,2,2,,459m²,Nick Dinakis,https://www.realestate.com.au/property-house-vic-kalkallo-146707272,Kalkallo
203,"$620,000 - 650,000 FOR SALE","3 Braeburn Street, Doreen",,3,2,2,,350m²,Andrew Liang,https://www.realestate.com.au/property-house-vic-doreen-144688040,Doreen
204,"$600,000 - $619,000","18 Dewpond Crescent, Wollert",,3,2,2,Inspection tomorrow 5:45 pm,,Justin Sciola,https://www.realestate.com.au/property-house-vic-wollert-146505076,Wollert
205,,"9 Baker Crescent, Heidelberg Heights",,3,2,2,Inspection Sat 25 Jan 11:00 am,147m²,Larry Li,https://www.realestate.com.au/property-house-vic-heidelberg+heights-146202892,Heidelberg Heights
206,$490k - $520k - Auction Sat 8th February @ 11am,"7 Vautier Avenue, Mickleham",,3,2,1,Inspection Sat 25 Jan 11:00 am,272m²,Kuldeep Patel,https://www.realestate.com.au/property-house-vic-mickleham-146986328,Mickleham
207,"$530,000 - $580,000","5 Titchfield Road, Donnybrook",,3,2,2,Inspection Sat 25 Jan 9:30 am,267m²,Leon El Assaad,https://www.realestate.com.au/property-house-vic-donnybrook-146985160,Donnybrook
208,,"5 Cashmore Place, Roxburgh Park",,3,2,2,,,Evan Yousif,https://www.realestate.com.au/property-house-vic-roxburgh+park-146199008,Roxburgh Park
209,,"12 Marchmont Rise, Craigieburn",,4,2,2,,448m²,Sarwan Sandhu,https://www.realestate.com.au/property-house-vic-craigieburn-145171120,Craigieburn
210,,"6 Chorileana Way, Mickleham",,3,2,1,,,Harry Banga,https://www.realestate.com.au/property-house-vic-mickleham-144685028,Mickleham
211,"$499,000 - $539,000","271 Marathon Boulevard, Craigieburn",,3,2,2,Inspection Wed 29 Jan 5:15 pm,,Daniel Sacco,https://www.realestate.com.au/property-house-vic-craigieburn-146349700,Craigieburn
212,"SBSD: $650,000 - $700,000","18 Oliver Street, Doreen",,4,2,2,Inspection tomorrow 5:00 pm,369m²,Imogen Hammond,https://www.realestate.com.au/property-house-vic-doreen-146982280,Doreen
213,"ESR: $540,000 - $594,000","25 Vincent Drive, South Morang",,4,2,2,Inspection tomorrow 6:00 pm,243m²,Tony Ong,https://www.realestate.com.au/property-house-vic-south+morang-146982260,South Morang
214,"On Site Auction: $500,000 - $550,000","39 Nesting Vista, Craigieburn",,4,2,1,Inspection Sat 25 Jan 10:00 am,,Frankie Azzopardi,https://www.realestate.com.au/property-house-vic-craigieburn-146847684,Craigieburn
215,"$600,000 - $660,000","11 Girraween Crescent, Craigieburn",,5,2,2,Inspection tomorrow 5:00 pm,,Damien Crivelli,https://www.realestate.com.au/property-house-vic-craigieburn-146981712,Craigieburn
216,"$600,000 - $660,000","41 Cascade Terrace, Craigieburn",,4,2,2,Inspection tomorrow 6:00 pm,,Damien Crivelli,https://www.realestate.com.au/property-house-vic-craigieburn-146981700,Craigieburn
217,"$565,000 - $595,000","129A Hothlyn Drive, Craigieburn",,3,2,2,Inspection Sat 25 Jan 11:00 am,,Romi Sleiman,https://www.realestate.com.au/property-house-vic-craigieburn-146981688,Craigieburn
218,"$569,000 - $609,000","24 Bastings Avenue, Mickleham",,3,2,2,Inspection Sat 25 Jan 10:00 am,263m²,Jimmy Gill,https://www.realestate.com.au/property-house-vic-mickleham-146052044,Mickleham
219,"$580,000 - $620,000","12 Bancroft Street, Wollert",,3,2,1,Inspection Sat 25 Jan 9:15 am,,Romi Sleiman,https://www.realestate.com.au/property-house-vic-wollert-146980692,Wollert
220,$580000-$630000,"8 camphor street, Wollert",,3,2,2,Inspection tomorrow 6:30 pm,195.1m²,Ash Bansal,https://www.realestate.com.au/property-house-vic-wollert-146979476,Wollert
221,"$625,000","5 Turion Drive, Mickleham",,3,2,2,,,Pardeep Kumar,https://www.realestate.com.au/property-house-vic-mickleham-145290236,Mickleham
222,"$520,000 - $550,000","9 Village Walk, Mernda",,3,2,2,Inspection Sat 25 Jan 1:30 pm,,Steve Gruevski,https://www.realestate.com.au/property-house-vic-mernda-146978480,Mernda
223,,"152 Elevation Boulevard, Craigieburn",,3,2,1,,396m²,Chetan Chauhan,https://www.realestate.com.au/property-house-vic-craigieburn-140738183,Craigieburn
224,"$560,000 to $595,000","7 & 9 Portswood Drive, Donnybrook",,4,2,1,Inspection Sat 25 Jan 11:30 am,,Robbie Sandhu,https://www.realestate.com.au/property-house-vic-donnybrook-146346168,Donnybrook
225,,"24 Aniseed Street, Mickleham",,4,2,2,Inspection tomorrow 6:45 pm,365m²,Ryan Gaire,https://www.realestate.com.au/property-house-vic-mickleham-146496896,Mickleham
226,,"Address available on request, Donnybrook",,4,3,2,,346m²,Manu Kumar,https://www.realestate.com.au/property-house-vic-donnybrook-146496324,Donnybrook
227,"PRIVATE SALE $460,000 - $475,000","12 Viewbank Circuit, Roxburgh Park",,3,2,1,,221m²,Mohammed Mahfouz,https://www.realestate.com.au/property-house-vic-roxburgh+park-145909248,Roxburgh Park
228,$620k - $680k,"959 Pascoe Vale Road, Jacana",,5,2,4,Inspection tomorrow 6:15 pm,697m²,Jatin Mehta,https://www.realestate.com.au/property-house-vic-jacana-146976608,Jacana
229,,"27 Inkerman Crescent, Mickleham",,4,2,1,,295m²,Usman Naseer,https://www.realestate.com.au/property-house-vic-mickleham-138973715,Mickleham
230,"$620,000 - $660,000","14 Hurkett Street, Mickleham",,3,2,2,,312.5m²,Nav Sekhon,https://www.realestate.com.au/property-house-vic-mickleham-144677720,Mickleham
231,"$520,000 - $572,000","34 Gundagai Circuit, Kalkallo",,3,2,2,Inspection Sat 25 Jan 1:00 pm,262m²,Ron Singh,https://www.realestate.com.au/property-house-vic-kalkallo-146640828,Kalkallo
232,"$635,000","16 Sunlander Way, Doreen",,3,2,1,Inspection Sat 25 Jan 1:00 pm,320m²,Christian Marchetti,https://www.realestate.com.au/property-house-vic-doreen-146638760,Doreen
233,"$570,000-$600,000  OPEN 25 JAN 12:00Pm-12:30pm","37 Rathdowne Drive, Mickleham",,3,2,1,Inspection Sat 25 Jan 12:00 pm,,Amrit Aulakh,https://www.realestate.com.au/property-house-vic-mickleham-146185864,Mickleham
234,,"8 thyridia st, Craigieburn",,3,2,1,,,Jayant Poonia,https://www.realestate.com.au/property-house-vic-craigieburn-146339236,Craigieburn
235,,"3 Beldi Street, Wollert",,4,2,1,Inspection tomorrow 6:00 pm,,Dave Singh,https://www.realestate.com.au/property-house-vic-wollert-146971180,Wollert
236,,"10 Iceberg Drive, Mernda",,3,2,2,,358m²,Lars Latkoski,https://www.realestate.com.au/property-house-vic-mernda-146636412,Mernda
237,,"17 & 19 Hutch Avenue, Donnybrook",,4,2,2,,,Gee Mahna,https://www.realestate.com.au/property-house-vic-donnybrook-143689428,Donnybrook
238,"$600,000 - $650,000","17 Punchbowl Road, Kalkallo",,4,2,2,Inspection tomorrow 6:30 pm,,Dinesh Mann,https://www.realestate.com.au/property-house-vic-kalkallo-146486108,Kalkallo
239,,"10 Ashville Place, Craigieburn",,3,2,1,,337m²,Ricky Singh,https://www.realestate.com.au/property-house-vic-craigieburn-142905560,Craigieburn
240,"$635,000 - $660,000","21 Ovata Grove, Donnybrook",,4,2,2,Inspection Sat 25 Jan 10:15 am,,Karaline Sleiman,https://www.realestate.com.au/property-house-vic-donnybrook-146484348,Donnybrook
241,"$595,000 - $615,000","5 Finchley Way, Craigieburn",,3,2,1,,,Jay Alvat,https://www.realestate.com.au/property-house-vic-craigieburn-146967564,Craigieburn
242,"$585,000","Address available on request, Kalkallo",,4,2,2,,,Raj Kapoor,https://www.realestate.com.au/property-house-vic-kalkallo-144280964,Kalkallo
243,"$650,000 - $670,000","21 Boilersmith Street, Donnybrook",,4,2,2,,350m²,Johnny Ng,https://www.realestate.com.au/property-house-vic-donnybrook-146633300,Donnybrook
244,"Private Sale $630,000-$650,000","10 Caseys Way, Donnybrook",,4,2,2,Inspection Sat 25 Jan 10:15 am,294m²,Raman Arora,https://www.realestate.com.au/property-house-vic-donnybrook-146481532,Donnybrook
245,,"12 Cassette Street, Kalkallo",,3,2,2,,,Silky kaur,https://www.realestate.com.au/property-house-vic-kalkallo-146470688,Kalkallo
246,"$580,000 - $610,000","Address available on request, Donnybrook",,3,2,1,,,Nabin Pradhan,https://www.realestate.com.au/property-house-vic-donnybrook-146177052,Donnybrook
247,"$650,000 - $680,000","17 Beaconsfield Drive, Mickleham",,4,2,2,Inspection tomorrow 5:45 pm,,Sam Cagin,https://www.realestate.com.au/property-house-vic-mickleham-146326476,Mickleham
248,,"4 Glossodia Way, Mickleham",,4,4,2,,,Ali Alsalemy,https://www.realestate.com.au/property-house-vic-mickleham-146630304,Mickleham
249,,"16 Mumm Street, Wollert",,3,2,1,,,Asmita Kandel,https://www.realestate.com.au/property-house-vic-wollert-145276240,Wollert
250,"$599,000 - $658,000","33 Millicent Drive, Craigieburn",,4,2,2,Inspection Sat 25 Jan 11:00 am,401m²,Brian Mishra,https://www.realestate.com.au/property-house-vic-craigieburn-146964648,Craigieburn
251,"$490,000 - $520,000","44 Darwinia Drive, Mickleham",,3,2,1,,,Shayla Spiteri,https://www.realestate.com.au/property-house-vic-mickleham-146895220,Mickleham
252,"$630,000 - $670,000","14 Byron Street, Donnybrook",,4,2,2,Inspection Sat 25 Jan 11:30 am,,Jagjeet Tiwana,https://www.realestate.com.au/property-house-vic-donnybrook-146478076,Donnybrook
253,"$520,000 - $560,000","15 Grenville Terrace, Roxburgh Park",,3,2,2,,,Asad Khan,https://www.realestate.com.au/property-house-vic-roxburgh+park-146754068,Roxburgh Park
254,"$630,000 - $685,000","28 Rainham Avenue, Craigieburn",,3,2,1,Inspection Sat 25 Jan 11:15 am,,Karaline Sleiman,https://www.realestate.com.au/property-house-vic-craigieburn-146476080,Craigieburn
255,,"11 Callery Pear Street, Greenvale",,3,2,1,,320m²,Malek Younan,https://www.realestate.com.au/property-house-vic-greenvale-146962672,Greenvale
256,"$650,000 - $680,000","64 Rulinga Street, Donnybrook",,4,2,2,,,Dinesh Mann,https://www.realestate.com.au/property-house-vic-donnybrook-146753276,Donnybrook
257,,"3 Northampton Way, Donnybrook",,4,2,2,,,Sunil Gandham,https://www.realestate.com.au/property-house-vic-donnybrook-146752836,Donnybrook
258,$630K - $680K,"10 Midland Way, Craigieburn",,3,2,2,,448m²,Carlos Misho,https://www.realestate.com.au/property-house-vic-craigieburn-146960788,Craigieburn
259,"$539,000 - $569,000","42 Nasturium Street, Kalkallo",,3,2,1,Inspection tomorrow 5:30 pm,,Karan Kamboj,https://www.realestate.com.au/property-house-vic-kalkallo-146960384,Kalkallo
260,,"31 Huntingtower Avenue, Mickleham",,4,2,2,,,Moe Al-mnahi,https://www.realestate.com.au/property-house-vic-mickleham-146624284,Mickleham
261,,"3 Humboldt Street, Kalkallo",,4,2,1,Inspection Tue 28 Jan 6:00 pm,,Ola Alsalemy,https://www.realestate.com.au/property-house-vic-kalkallo-146168448,Kalkallo
262,"$580,000 - $610,000","10 Valonia Court, Craigieburn",,4,2,2,Inspection Sat 25 Jan 12:30 pm,653.1m²,Vinny Singh,https://www.realestate.com.au/property-house-vic-craigieburn-146958620,Craigieburn
263,"$630,000 - $660,000","9 Dargile Circuit, Epping",,4,2,2,Inspection Sat 25 Jan 1:00 pm,,Monty Sahni,https://www.realestate.com.au/property-house-vic-epping-146958284,Epping
264,"$645,000 - $695,000","322 The Lakes Boulevard, South Morang",,3,2,2,,309m²,Danny Al saad,https://www.realestate.com.au/property-house-vic-south+morang-146843272,South Morang
265,,"72 Rulingia Road, Donnybrook",,4,2,1,,,Ali Al Saffar,https://www.realestate.com.au/property-house-vic-donnybrook-146620632,Donnybrook
266,"$590,000-$610,000","554 Brookfield Boulevard, Mickleham",,4,2,2,Inspection Sat 25 Jan 12:00 pm,,Dario Haljeta,https://www.realestate.com.au/property-house-vic-mickleham-146956440,Mickleham
267,"$640,000 - $660,000","4 Jukes Mews, Donnybrook",,4,2,2,,294m²,Love Sharma,https://www.realestate.com.au/property-house-vic-donnybrook-144653764,Donnybrook
268,"$590,000 - $610,000","Address available on request, Donnybrook",,4,2,1,,244m²,,https://www.realestate.com.au/property-house-vic-donnybrook-146467352,Donnybrook
269,,"Address available on request, Mickleham",,4,2,2,,294m²,Moe Al-mnahi,https://www.realestate.com.au/property-house-vic-mickleham-143279424,Mickleham
270,,"24 Foreshore Drive, Donnybrook",,4,2,2,Inspection Sat 25 Jan 2:15 pm,,Ali Celik,https://www.realestate.com.au/property-house-vic-donnybrook-146956036,Donnybrook
271,"$650,000 - $665,000","10 Jum Way, Donnybrook",,4,2,2,Inspection tomorrow 7:15 pm,,Love Sharma,https://www.realestate.com.au/property-house-vic-donnybrook-146466788,Donnybrook
272,"ESR: $619,000 $649,000","16 Cilantro Street, Kalkallo",,4,2,2,Inspection Sat 25 Jan 11:00 am,312m²,Tarwinder Kullar,https://www.realestate.com.au/property-house-vic-kalkallo-146618760,Kalkallo
273,"$480,000-$510,000","37 Rowell Drive, Mernda",,3,2,2,Inspection Sat 25 Jan 11:30 am,,Jim Vasiliou,https://www.realestate.com.au/property-house-vic-mernda-146164108,Mernda
274,,"29 Maryland Road, Kalkallo",,4,3,2,,,Pir Sidhu,https://www.realestate.com.au/property-house-vic-kalkallo-146746720,Kalkallo
275,"$549,000","Lot 36357 Fillmore Drive, Craigieburn",,4,2,2,,162m²,Ethan Playnsek,https://www.realestate.com.au/property-house-vic-craigieburn-146954768,Craigieburn
276,,"Address available on request, Wollert",,4,2,1,,,Kiranvir Buttar,https://www.realestate.com.au/property-house-vic-wollert-141798344,Wollert
277,,"10 Mulholland Street, Kalkallo",,4,2,2,,294m²,Gaurika Kohli,https://www.realestate.com.au/property-house-vic-kalkallo-146746064,Kalkallo
278,"EOI - $565,000 - $595,000","66 Woodman Circuit, Wollert",,3,2,2,Inspection tomorrow 7:00 pm,231m²,Alex Doguluer,https://www.realestate.com.au/property-house-vic-wollert-146952604,Wollert
279,,"27 Corymbia Street, Mickleham",,4,2,2,,,Fadi Yousif,https://www.realestate.com.au/property-house-vic-mickleham-145639344,Mickleham
280,,"1 Jum Way, Donnybrook",,4,2,2,,333m²,Arvin Nagra,https://www.realestate.com.au/property-house-vic-donnybrook-146463740,Donnybrook
281,,"9 Currawong Street, Kalkallo",,4,2,2,Inspection tomorrow 5:45 pm,,Abeer Al-hatab,https://www.realestate.com.au/property-house-vic-kalkallo-146812256,Kalkallo
282,,"3 Eulinga Street, Mickleham",,4,2,2,,,Ali Al Saffar,https://www.realestate.com.au/property-house-vic-mickleham-146820720,Mickleham
283,"$600,000 - 660,000","14 Amfissa Street, Wollert",,4,2,2,Inspection tomorrow 5:45 pm,,Love Sharma,https://www.realestate.com.au/property-house-vic-wollert-146841488,Wollert
284,"$585,000 - $625,000","26 Brass Loop, Wollert",,3,2,1,,,Indy Singh,https://www.realestate.com.au/property-house-vic-wollert-146461660,Wollert
285,"Auction: $600,000 to $660,000","17 Taggiasca Drive, Wollert",,4,2,4,Inspection Sat 25 Jan 11:00 am,262m²,Kamal Kanaan,https://www.realestate.com.au/property-house-vic-wollert-146841052,Wollert
286,"$580,000-$620,000","14 Golden Pkwy, Donnybrook",,4,2,1,,253m²,,https://www.realestate.com.au/property-house-vic-donnybrook-146743444,Donnybrook
287,"$580,000 - $610,000","Address available on request, Greenvale",,3,2,1,,,Jessica Kaur,https://www.realestate.com.au/property-house-vic-greenvale-144906036,Greenvale
288,,"81 Gossia Avenue, Craigieburn",,3,2,1,,,Asad Khan,https://www.realestate.com.au/property-house-vic-craigieburn-145388796,Craigieburn
289,"640,000 - $680,000","10 Goldington Street, Mickleham",,4,2,2,,387m²,,https://www.realestate.com.au/property-house-vic-mickleham-145874616,Mickleham
290,,"198 Highlander Drive, Craigieburn",,3,2,2,,,Admon Paules,https://www.realestate.com.au/property-house-vic-craigieburn-146458932,Craigieburn
291,,"20 Sommerville Avenue, Mernda",,4,2,2,,,Bobby Kosuri,https://www.realestate.com.au/property-house-vic-mernda-146741524,Mernda
292,"$580,000 - $610,000","14 Serenade Street, Donnybrook",,3,2,1,,,Sunny Bawa,https://www.realestate.com.au/property-house-vic-donnybrook-145388064,Donnybrook
293,"ESR: $650,000 - $680,000","30 Guardian Street, Mickleham",,4,2,2,,,Mandeep Gaudia,https://www.realestate.com.au/property-house-vic-mickleham-145900352,Mickleham
294,"$570,000","26 Eremophila Circuit, Craigieburn",,3,2,2,Inspection Sat 25 Jan 9:30 am,212m²,Michael Chan,https://www.realestate.com.au/property-house-vic-craigieburn-146741028,Craigieburn
295,"$550,000 to $570,000","57 Bethnal Avenue, Wollert",,3,2,1,,,Jessica Kaur,https://www.realestate.com.au/property-house-vic-wollert-145631700,Wollert
296,,"13 Cherry Court, Meadow Heights",,4,2,2,Inspection Sat 25 Jan 12:00 pm,530m²,Nadir Jeboo,https://www.realestate.com.au/property-house-vic-meadow+heights-146608320,Meadow Heights
297,"$575,000 - $595,000","20 Leith Drive, Mernda",,3,2,2,Inspection Sat 25 Jan 1:25 pm,300m²,Mario Tucci,https://www.realestate.com.au/property-house-vic-mernda-146725612,Mernda
298,"Private Sale - Contact Agent | $550,000 - $580,000","35 Bowenia Avenue, Craigieburn",,3,2,1,Inspection Sat 25 Jan 1:00 pm,,Sammar Rana,https://www.realestate.com.au/property-house-vic-craigieburn-146896924,Craigieburn
299,"$600,000","Address available on request, Donnybrook",,4,3,2,,,Raj Kapoor,https://www.realestate.com.au/property-house-vic-donnybrook-143787084,Donnybrook
300,"ESR $650,000 - $700,000","10 Trainor Street, Doreen",,4,2,2,,440m²,Luke El Moussalli,https://www.realestate.com.au/property-house-vic-doreen-145765416,Doreen
301,"$650,000 - $695,000","25A Liston Avenue, Reservoir",,3,2,2,Inspection tomorrow 5:30 pm,,Isaac Katsouranis,https://www.realestate.com.au/property-house-vic-reservoir-146607224,Reservoir
302,,"5 Robin Road, Mickleham",,4,2,2,,,Harry Banga,https://www.realestate.com.au/property-house-vic-mickleham-146304004,Mickleham
303,"$629,900 - $664,900","30 Petersfield Way, Donnybrook",,4,2,2,Inspection Sat 25 Jan 11:00 am,,Mohit Jain,https://www.realestate.com.au/property-house-vic-donnybrook-146303764,Donnybrook
304,"$570,000 - $610,000","4 Saint Michel Place, South Morang",,3,2,2,,206m²,Rob Stefanovski,https://www.realestate.com.au/property-house-vic-south+morang-146836840,South Morang
305,,"22 Bracegirdle Drive, Mickleham",,4,3,4,Inspection tomorrow 7:00 pm,,Aayush Sharma,https://www.realestate.com.au/property-house-vic-mickleham-146736976,Mickleham
306,"$550,000 - $600,000","10 Turion Drive, Mickleham",,3,2,2,Inspection Sat 25 Jan 12:00 pm,,Daniel Di Battista,https://www.realestate.com.au/property-house-vic-mickleham-146881520,Mickleham
307,,"10 Nomad Road, Kalkallo",,4,2,2,Inspection tomorrow 6:30 pm,,Harry Banga,https://www.realestate.com.au/property-house-vic-kalkallo-146450536,Kalkallo
308,"$580,000 - $610,000","4 Mulholland Street, Kalkallo",,3,2,2,Inspection Sat 25 Jan 11:15 am,279m²,Usman Maan,https://www.realestate.com.au/property-house-vic-kalkallo-146668792,Kalkallo
309,"$610,000 - $660,000","36 Hessel Avenue, Doreen",,4,2,2,Inspection Sat 25 Jan 9:30 am,,Raj Bhatia,https://www.realestate.com.au/property-house-vic-doreen-146598856,Doreen
310,"$610,000 - $640,000","10 Yucca Road, Kalkallo",,4,2,2,,312m²,,https://www.realestate.com.au/property-house-vic-kalkallo-145757100,Kalkallo
311,,"5 Ontario Parade, Mickleham",,4,2,1,,,Evan Yousif,https://www.realestate.com.au/property-house-vic-mickleham-144892956,Mickleham
312,,"47 Nectar Street, Mickleham",,3,2,2,,,Ryan Gaire,https://www.realestate.com.au/property-house-vic-mickleham-145622120,Mickleham
313,,"27 Thaine Way, Doreen",,4,2,2,,350m²,Larry Li,https://www.realestate.com.au/property-house-vic-doreen-146731304,Doreen
314,,"23 Apsley Drive, Mickleham",,4,2,1,,,Amit Verma,https://www.realestate.com.au/property-house-vic-mickleham-143131188,Mickleham
315,,"22 Nasturium Street, Kalkallo",,4,2,2,Inspection tomorrow 5:45 pm,302m²,Abdul Sleman,https://www.realestate.com.au/property-house-vic-kalkallo-146895668,Kalkallo
316,,"6 Ambigua Way, Donnybrook",,4,2,1,Inspection Sat 25 Jan 11:00 am,,Karan Singh,https://www.realestate.com.au/property-house-vic-donnybrook-146028184,Donnybrook
317,"$650,000 - $710,000","9 Countess Circuit, Wollert",,4,2,2,Inspection Sat 25 Jan 11:45 am,313m²,Hardy Singh,https://www.realestate.com.au/property-house-vic-wollert-146728504,Wollert
318,"$550,000 - 570,000","38 Fillmore Drive, Craigieburn",,4,2,2,,,Shayla Spiteri,https://www.realestate.com.au/property-house-vic-craigieburn-146895228,Craigieburn
319,"$470,000 - $490,000","7 Baltic Walk, Craigieburn",,3,2,2,,287m²,Trish Orrico,https://www.realestate.com.au/property-house-vic-craigieburn-146895224,Craigieburn
320,"$470,000 - $490,000","43 Vautier Avenue, Mickleham",,3,2,1,,,Adrian Prestileo,https://www.realestate.com.au/property-house-vic-mickleham-146895212,Mickleham
321,"$600,000 - $630,000","19 Cochrane Avenue, Mickleham",,4,2,2,,,Adrian Prestileo,https://www.realestate.com.au/property-house-vic-mickleham-146895208,Mickleham
322,,"13 Bracegirdle Drive, Mickleham",,3,2,2,,,Mickey (Sween) Arya,https://www.realestate.com.au/property-house-vic-mickleham-146591396,Mickleham
323,,"17 Bracegirdle Drive, Mickleham",,3,2,2,,,Mickey (Sween) Arya,https://www.realestate.com.au/property-house-vic-mickleham-146591024,Mickleham
324,,"40 Mound Avenue, Donnybrook",,4,2,2,,,Sahib Singh,https://www.realestate.com.au/property-house-vic-donnybrook-146829144,Donnybrook
325,"$630,000","20 Ivory Road, Donnybrook",,4,2,1,Inspection Sat 25 Jan 1:00 pm,294m²,Elia Kakos,https://www.realestate.com.au/property-house-vic-donnybrook-146725928,Donnybrook
326,"$630,000 - $660,000","Address available on request, Donnybrook",,4,2,2,,,Ricky Randhawa,https://www.realestate.com.au/property-house-vic-donnybrook-145883376,Donnybrook
327,"$590,000-$610,000","Address available on request, Donnybrook",,3,2,2,,,Inder Ghumman,https://www.realestate.com.au/property-house-vic-donnybrook-146161136,Donnybrook
328,,"17/11 Troward Harvey Way, Craigieburn",,3,2,2,Inspection Sat 25 Jan 1:00 pm,,Rashna Luitel,https://www.realestate.com.au/property-house-vic-craigieburn-145882932,Craigieburn
329,"AUCT ESR  $510,000 - $560,000","9 Jasmine Court, Meadow Heights",,3,2,1,Inspection Sat 25 Jan 2:00 pm,494m²,Rob Stefanovski,https://www.realestate.com.au/property-house-vic-meadow+heights-146894032,Meadow Heights
330,"$599,000-$650,000","27 Foxley Crescent, Mickleham",,4,2,1,Inspection Sat 25 Jan 12:30 pm,289m²,Ali Faour,https://www.realestate.com.au/property-house-vic-mickleham-146020296,Mickleham
331,"$580,000 - $620,000","9  Outback Drive, Doreen",,3,2,2,,,Jude Kattan,https://www.realestate.com.au/property-house-vic-doreen-145262892,Doreen
332,"$580,000 to $610,000","25 Albida Street, Donnybrook",,3,2,2,,,Pir Sidhu,https://www.realestate.com.au/property-house-vic-donnybrook-146019728,Donnybrook
333,$602k if eligible for FHOG* - $612k,"1121 Woodlawn Road, Wollert",,4,2,2,,325m²,Brad Alba,https://www.realestate.com.au/property-house-vic-wollert-146950340,Wollert
334,"ESR: $650,000 - $695,000","42 Elation Boulevard, Doreen",,3,2,2,Inspection Sat 25 Jan 10:00 am,,Tony Ong,https://www.realestate.com.au/property-house-vic-doreen-145877840,Doreen
335,,"Address available on request, Kalkallo",,4,2,4,,,Aman Verma,https://www.realestate.com.au/property-house-vic-kalkallo-146824020,Kalkallo
336,"$630,000","3 Olney Mews, Donnybrook",,4,2,2,Inspection Sat 25 Jan 12:45 pm,350m²,Inshira Koralagama,https://www.realestate.com.au/property-house-vic-donnybrook-146948756,Donnybrook
337,"$590,000 - $640,000","32 Sodium Street, Kalkallo",,4,2,2,Inspection Sat 25 Jan 10:45 am,,Karam Virk,https://www.realestate.com.au/property-house-vic-kalkallo-143667604,Kalkallo
338,"$545,000 - $575,000","51 Mealie Avenue, Mickleham",,3,2,1,,,Damien Caputo,https://www.realestate.com.au/property-house-vic-mickleham-146893412,Mickleham
339,"ASKING PRICE $495,000","5 Brentwood Place, Roxburgh Park",,3,2,1,,,Andrew Forehan,https://www.realestate.com.au/property-house-vic-roxburgh+park-146582528,Roxburgh Park
340,,"31 Winterfell Road, Donnybrook",,4,2,2,,350m²,Jessica Kaur,https://www.realestate.com.au/property-house-vic-donnybrook-146718828,Donnybrook
341,"$640,000 - $700,000","43 Burrun Crescent, Epping",,4,2,2,Inspection Sat 25 Jan 10:30 am,,Hayden Assaad,https://www.realestate.com.au/property-house-vic-epping-146948124,Epping
342,,"5 Deau Avenue, Wollert",,5,3,2,,,Romi Sleiman,https://www.realestate.com.au/property-house-vic-wollert-146822344,Wollert
343,"Auction $590,000 - $645,000","29 Seggan Circle, Gowanbrae",,3,2,1,Inspection Sat 25 Jan 8:15 am,,David Vaughan,https://www.realestate.com.au/property-house-vic-gowanbrae-145874488,Gowanbrae
344,,"34 Times Street, Kalkallo",,4,2,1,,,Ola Alsalemy,https://www.realestate.com.au/property-house-vic-kalkallo-146015040,Kalkallo
345,,"10 Punchbowl Road, Kalkallo",,3,2,1,,,Admon Paules,https://www.realestate.com.au/property-house-vic-kalkallo-145874212,Kalkallo
346,,"2 Kenora Way, Mickleham",,3,3,1,Inspection Sat 25 Jan 10:00 am,260m²,Inder Jassar,https://www.realestate.com.au/property-house-vic-mickleham-146717868,Mickleham
347,,"13 Bowery Road, Kalkallo",,4,2,1,,,Ola Alsalemy,https://www.realestate.com.au/property-house-vic-kalkallo-144755560,Kalkallo
348,,"11 Dalgety Street, Mickleham",,4,2,2,Inspection Sat 25 Jan 1:45 pm,,Moe Al-mnahi,https://www.realestate.com.au/property-house-vic-mickleham-146580816,Mickleham
349,"$510,000 - $550,000 !! MUST SELL !!","59 Curbridge Drive, Donnybrook",,3,2,2,Inspection tomorrow 6:00 pm,,Mohit Jain,https://www.realestate.com.au/property-house-vic-donnybrook-145873116,Donnybrook
350,,"11 Mcinerney Road, Kalkallo",,3,2,2,Inspection Sat 25 Jan 11:15 am,350m²,Arvin Nagra,https://www.realestate.com.au/property-house-vic-kalkallo-146440056,Kalkallo
351,,"11 Yancey Street, Donnybrook",,4,2,2,Inspection Fri 24 Jan 6:15 pm,,Kabir Nagpal,https://www.realestate.com.au/property-house-vic-donnybrook-146820796,Donnybrook
352,"$620,000-$660,000","Address available on request, Wollert",,4,2,1,,,,https://www.realestate.com.au/property-house-vic-wollert-143522252,Wollert
353,"$630,000 - $670,000 Great Value !!!","28 Illawara Drive, Mickleham",,4,2,2,Inspection Sat 25 Jan 11:00 am,,Ralph DeMarchi,https://www.realestate.com.au/property-house-vic-mickleham-145739976,Mickleham
354,,"4 Magnesium Road, Kalkallo",,4,2,2,Inspection Sat 25 Jan 2:20 pm,,Mickey (Sween) Arya,https://www.realestate.com.au/property-house-vic-kalkallo-146946200,Kalkallo
355,"$570,000 - $595,000","10 Atwood Street, Doreen",,3,2,1,Inspection Sat 25 Jan 10:00 am,237m²,Troy Hodge,https://www.realestate.com.au/property-house-vic-doreen-146579536,Doreen
356,,"25 Whitebark Street, Wollert",,4,2,2,,,Ola Alsalemy,https://www.realestate.com.au/property-house-vic-wollert-145257344,Wollert
357,"$550,000 - $590,000","13 Nagambie Road, Kalkallo",,4,2,1,Inspection Sat 25 Jan 11:45 am,,Ricky Singh,https://www.realestate.com.au/property-house-vic-kalkallo-146716168,Kalkallo
358,,"7 Bentham Street, Roxburgh Park",,3,2,2,Inspection tomorrow 5:30 pm,,Michael Abbas,https://www.realestate.com.au/property-house-vic-roxburgh+park-146578768,Roxburgh Park
359,"$480,000 - $520,000","6/7 Whiltshire Drive, Roxburgh Park",,3,2,2,Inspection tomorrow 6:00 pm,,Aditya Ghanghas,https://www.realestate.com.au/property-house-vic-roxburgh+park-145738704,Roxburgh Park
360,,"4 Jamieson Court, Epping",,3,2,4,Inspection Sat 25 Jan 11:15 am,528m²,Leon El Assaad,https://www.realestate.com.au/property-house-vic-epping-146891412,Epping
361,,"8 Vicarage Drive, Wollert",,4,2,2,Inspection Sat 25 Jan 12:15 pm,350m²,Sherry Singh,https://www.realestate.com.au/property-house-vic-wollert-146891392,Wollert
362,,"10 Luminous Street, Epping",,3,2,2,Inspection Sat 25 Jan 11:30 am,338m²,Sherry Singh,https://www.realestate.com.au/property-house-vic-epping-146891388,Epping
363,,"90 Alexander Avenue, Thomastown",,4,2,3,Inspection Sat 25 Jan 9:45 am,676m²,Mario Tucci,https://www.realestate.com.au/property-house-vic-thomastown-146891256,Thomastown
364,,"101 The Parade, Wollert",,3,2,4,Inspection Sat 25 Jan 12:30 pm,394m²,Mario Tucci,https://www.realestate.com.au/property-house-vic-wollert-146891248,Wollert
365,,"33 Eynesbury View, Wollert",,3,2,1,Inspection Sat 25 Jan 10:30 am,300m²,Paul Rametta,https://www.realestate.com.au/property-house-vic-wollert-146891236,Wollert
366,,"32 Plowman Court, Epping",,3,2,2,Inspection Sat 25 Jan 12:45 pm,558m²,Leon El Assaad,https://www.realestate.com.au/property-house-vic-epping-146890868,Epping
367,"$640,000 - $690,000","33 Winterfell Road, Donnybrook",,4,2,2,,,Jagjeet Tiwana,https://www.realestate.com.au/property-house-vic-donnybrook-145737620,Donnybrook
368,,"13/10 Heywood Street, Doreen",,3,2,2,Inspection Sat 25 Jan 10:45 am,467m²,Joel Viavattene,https://www.realestate.com.au/property-house-vic-doreen-146890656,Doreen
369,,"Address available on request, Kalkallo",,4,2,2,,,Gaurika Kohli,https://www.realestate.com.au/property-house-vic-kalkallo-144252596,Kalkallo
370,,"15 Beaconsfield Drive, Mickleham",,4,2,1,Inspection tomorrow 6:00 pm,,Amit Verma,https://www.realestate.com.au/property-house-vic-mickleham-146009760,Mickleham
371,,"30 Coolangatta Drive, Mickleham",,4,3,2,,,Ali Alsalemy,https://www.realestate.com.au/property-house-vic-mickleham-146577372,Mickleham
372,"$640,000 - $660,000","2 Sodium Street, Donnybrook",,4,2,2,,340m²,,https://www.realestate.com.au/property-house-vic-donnybrook-137825690,Donnybrook
373,"$590,000","Address available on request, Kalkallo",,4,2,1,,,Param Singh,https://www.realestate.com.au/property-house-vic-kalkallo-145858968,Kalkallo
374,,"28 Coolangatta Drive, Mickleham",,3,2,2,,262.49m²,Nitin Batra,https://www.realestate.com.au/property-house-vic-mickleham-145126988,Mickleham
375,"$480,000 - $528,000","9 Gossamer Way, Mickleham",,3,2,2,,,Con Tsalkos,https://www.realestate.com.au/property-house-vic-mickleham-146711148,Mickleham
376,"ESR $640,000 - $700,000","9 Bunting Crescent, Kalkallo",,4,2,2,,392m²,Rob Stefanovski,https://www.realestate.com.au/property-house-vic-kalkallo-146146260,Kalkallo
377,,"1 Carlton Court, Craigieburn",,3,2,2,Inspection Sat 25 Jan 1:00 pm,657m²,Nadir Jeboo,https://www.realestate.com.au/property-house-vic-craigieburn-146709836,Craigieburn
378,"$650,000 - $680,000","2 Coolgardie Way, Doreen",,4,2,3,,491m²,Tony Brakis,https://www.realestate.com.au/property-house-vic-doreen-146144708,Doreen
379,"$460,000 - $490,000","17 Nomad Rd, Kalkallo",,3,2,1,Inspection tomorrow 6:15 pm,,Shayla Spiteri,https://www.realestate.com.au/property-house-vic-kalkallo-146939700,Kalkallo
380,,"304 Brookfield Boulevard, Craigieburn",,3,2,2,,,Con Lonigro,https://www.realestate.com.au/property-house-vic-craigieburn-144866532,Craigieburn
381,,"11 Nagambie Road, Kalkallo",,4,3,2,,,Ryan Gaire,https://www.realestate.com.au/property-house-vic-kalkallo-145998800,Kalkallo
382,"AUCT ESR $649,000 - $710,000","79 Herman Road, Lalor",,3,2,2,Inspection tomorrow 6:15 pm,558m²,Michael Carrafa,https://www.realestate.com.au/property-house-vic-lalor-146938572,Lalor
383,,"20 Catisfield Circuit, Donnybrook",,4,2,2,Inspection tomorrow 6:00 pm,400m²,Kiranvir Buttar,https://www.realestate.com.au/property-house-vic-donnybrook-146938420,Donnybrook
384,"Private sale $600,000-$650,000","15 Calf Street, Donnybrook",,4,2,2,,,Don Jayawardene,https://www.realestate.com.au/property-house-vic-donnybrook-146812920,Donnybrook
385,"$595,000","Address available on request, Donnybrook",,4,2,2,,,Raj Kapoor,https://www.realestate.com.au/property-house-vic-donnybrook-144863400,Donnybrook
386,"$640,000-$670,000","22  Countess circuit, Wollert",,4,2,2,Inspection tomorrow 6:45 pm,,Inder Ghumman,https://www.realestate.com.au/property-house-vic-wollert-145995124,Wollert
387,,"21 Bellfield Drive, Craigieburn",,3,2,2,,,Waseem Gethya,https://www.realestate.com.au/property-house-vic-craigieburn-146286092,Craigieburn
388,,"69 Sandover Drive, Roxburgh Park",,3,2,2,Inspection tomorrow 6:00 pm,459m²,Khaled Khaled,https://www.realestate.com.au/property-house-vic-roxburgh+park-145856248,Roxburgh Park
389,"$580,000 - $620,000","49B Burrora Way, Craigieburn",,4,2,2,Inspection Sat 25 Jan 12:15 pm,448m²,Aaron Taranto,https://www.realestate.com.au/property-house-vic-craigieburn-146934448,Craigieburn
390,,"59 Alloca Crescent, Donnybrook",,4,2,2,Inspection tomorrow 6:00 pm,,Raj Singh,https://www.realestate.com.au/property-house-vic-donnybrook-146283192,Donnybrook
391,,"8 Cromarty Crescent, Kalkallo",,4,2,2,Inspection Sat 25 Jan 11:00 am,,Mickey (Sween) Arya,https://www.realestate.com.au/property-house-vic-kalkallo-146932496,Kalkallo
392,,"19 Punchbowl Road, Kalkallo",,4,3,1,Inspection tomorrow 5:00 pm,,Bobby Kosuri,https://www.realestate.com.au/property-house-vic-kalkallo-146930808,Kalkallo
393,"Reserve Price - $649,000","29 Smiley Road, Broadmeadows",,4,2,2,Inspection Sat 25 Jan 10:45 am,639m²,Carlo Rauso,https://www.realestate.com.au/property-house-vic-broadmeadows-145988012,Broadmeadows
394,"PRIVATE SALE | $630,000-$680,000","24 Rhine Drive, Roxburgh Park",,3,2,1,Inspection Sat 25 Jan 11:10 am,304m²,Ali Faour,https://www.realestate.com.au/property-house-vic-roxburgh+park-146930620,Roxburgh Park
395,,"17 Cobb Street, South Morang",,4,3,2,Inspection Sat 25 Jan 12:00 pm,367m²,Tony Ong,https://www.realestate.com.au/property-house-vic-south+morang-146929748,South Morang
396,,"34 Stilt Street, Kalkallo",,4,3,2,,,Abeer Al-hatab,https://www.realestate.com.au/property-house-vic-kalkallo-146807172,Kalkallo
397,,"27 Goodia Street, Wollert",,4,2,2,Inspection tomorrow 5:30 pm,404m²,Manish Sharma,https://www.realestate.com.au/property-house-vic-wollert-146807164,Wollert
398,"$650,000 - $680,000","15 Prosecco Street, Wollert",,4,2,1,Inspection tomorrow 5:00 pm,,Manish Sharma,https://www.realestate.com.au/property-house-vic-wollert-145233472,Wollert
399,,"Address available on request, Donnybrook",,3,2,2,,,Bikram Sidhu,https://www.realestate.com.au/property-house-vic-donnybrook-145850012,Donnybrook
400,"$600,000 - $660,000","110 Arcturus Drive, Kalkallo",,4,2,1,,,Wahid Baqi,https://www.realestate.com.au/property-house-vic-kalkallo-145231356,Kalkallo
401,"$570,000 - $627,000","119 Vantage Boulevard, Craigieburn",,3,2,2,Inspection Sat 25 Jan 11:30 am,,Mazen Enwia,https://www.realestate.com.au/property-house-vic-craigieburn-146126448,Craigieburn
402,,"41 Myrtleford Street, Wollert",,3,2,2,Inspection Sat 25 Jan 2:30 pm,,Petar Djeparoski,https://www.realestate.com.au/property-house-vic-wollert-146886576,Wollert
403,"Private Slae-$649,000-$699,000","49 Mealie Ave, Mickleham",,4,2,1,Inspection tomorrow 7:00 pm,,,https://www.realestate.com.au/property-house-vic-mickleham-146658204,Mickleham
404,"$589,009","Lot 748 Plimsoll Street, Mickleham",,3,2,2,,294m²,,https://www.realestate.com.au/property-house-vic-mickleham-146962640,Mickleham
405,,"13 Boilersmith Street, Donnybrook",,4,2,2,,,,https://www.realestate.com.au/property-house-vic-donnybrook-142236472,Donnybrook
406,"$631,300","LOT 21160 KATALIA ESTATE, Donnybrook",,4,2,2,,313m²,,https://www.realestate.com.au/property-house-vic-donnybrook-146781676,Donnybrook
407,,"10 Bergamot Way, South Morang",,3,2,2,,,,https://www.realestate.com.au/property-house-vic-south+morang-146927576,South Morang
408,"New Built &  Luxury"" 3m Ceilings","74 Woodman Cct, Wollert",,3,2,4,,,,https://www.realestate.com.au/property-house-vic-wollert-146507392,Wollert
409,"TITLED LAND $641,600","Lot 234 Azure Road, Wollert",,3,2,2,,317m²,,https://www.realestate.com.au/property-house-vic-wollert-146897936,Wollert
410,"$585,000 5% DEPOSIT ONLY, ONE CONTRACT","Lot 428 Mylius Street, Wollert",,3,2,2,,118.54m²,,https://www.realestate.com.au/property-house-vic-wollert-146897916,Wollert
411,"$640,000","28 Haystack Drive, Wollert",,4,2,1,,,,https://www.realestate.com.au/property-house-vic-wollert-147041072,Wollert
412,"$628,000","17 Kenora way, Mickleham",,4,2,2,,262m²,,https://www.realestate.com.au/property-house-vic-mickleham-147040128,Mickleham
413,"$615,000 - 625,000","55 Haystack Drive, Wollert",,4,2,1,,,,https://www.realestate.com.au/property-house-vic-wollert-147037932,Wollert
414,"$613,825* - FULL TURN KEY! ENQUIRE NOW!","1610 Commonwealth Circuit, Donnybrook",,3,2,2,,263m²,,https://www.realestate.com.au/property-house-vic-donnybrook-147036912,Donnybrook
415,,"7 Chilworth Street, Donnybrook",,3,2,1,Inspection Sat 25 Jan 1:00 pm,,,https://www.realestate.com.au/property-house-vic-donnybrook-147026988,Donnybrook
416,,"26 Ironcap Road, Mickleham",,3,2,2,,,,https://www.realestate.com.au/property-house-vic-mickleham-147026412,Mickleham
417,,"28 Ironcap Road, Mickleham",,3,2,2,,,,https://www.realestate.com.au/property-house-vic-mickleham-147026540,Mickleham
418,,"4 Nitraria Street, Mickleham",,3,2,2,,,,https://www.realestate.com.au/property-house-vic-mickleham-147026236,Mickleham
419,,"6 Nitraria Street, Mickleham",,3,2,2,,,,https://www.realestate.com.au/property-house-vic-mickleham-147026284,Mickleham
420,"$619,450","Address available on request, Wollert",,3,2,1,,238m²,,https://www.realestate.com.au/property-house-vic-wollert-147015516,Wollert
421,"$597,900","Address available on request, Wollert",,3,2,2,,294m²,,https://www.realestate.com.au/property-house-vic-wollert-147015988,Wollert
422,"$576,406","Lot 33221 Alisterus Road, Kalkallo",,3,2,1,,262.5m²,,https://www.realestate.com.au/property-house-vic-kalkallo-147019792,Kalkallo
423,"$630,000- $680,000","35 Manning Clark Road, Mill Park",,3,2,2,Inspection Sat 25 Jan 2:00 pm,,,https://www.realestate.com.au/property-house-vic-mill+park-146875900,Mill Park
424,$650000-$700000,"14  croce avenue, Wollert",,4,2,2,Inspection tomorrow 7:45 pm,,,https://www.realestate.com.au/property-house-vic-wollert-147012048,Wollert
425,"$648,818","Lot 3207 Awbridge Dr, Donnybrook",,4,2,2,,294m²,,https://www.realestate.com.au/property-house-vic-donnybrook-147005996,Donnybrook
426,$650000-$700000,"Address available on request, Wollert",,4,2,2,,195.1m²,,https://www.realestate.com.au/property-house-vic-wollert-146990596,Wollert
427,"$530,000 - $580,000","9 Tomentosa Court, Donnybrook",,3,2,1,Inspection Sat 25 Jan 11:45 am,178.5m²,,https://www.realestate.com.au/property-house-vic-donnybrook-146985724,Donnybrook
428,"$580,000 - $595,000","1 Tomentosa Court, Donnybrook",,4,2,1,Inspection Sat 25 Jan 11:45 am,217.5m²,,https://www.realestate.com.au/property-house-vic-donnybrook-146985708,Donnybrook
429,"$580,000 - $620,000","18 Molesworth Crescent, Donnybrook",,4,2,2,Inspection tomorrow 6:00 pm,242m²,,https://www.realestate.com.au/property-house-vic-donnybrook-146983448,Donnybrook
430,"$649,100","LOT 1909 LYNDARUM NORTH ESTATE, Wollert",,3,2,2,,300m²,,https://www.realestate.com.au/property-house-vic-wollert-146976380,Wollert
431,"$644,150","Lot 32941 Antares Parade, Kalkallo",,3,2,2,,336m²,,https://www.realestate.com.au/property-house-vic-kalkallo-146976424,Kalkallo
432,"$642,850","Lot 3207 Awbridge Drive, Donnybrook",,3,2,2,,294m²,,https://www.realestate.com.au/property-house-vic-donnybrook-146976440,Donnybrook
433,"$634,250","LOT 21160 KATALIA ESTATE, Donnybrook",,4,2,2,,313m²,,https://www.realestate.com.au/property-house-vic-donnybrook-146976392,Donnybrook
434,"$609,000","Lot 21209 Katalia Estate, Donnybrook",,4,2,2,,313m²,,https://www.realestate.com.au/property-house-vic-donnybrook-146976548,Donnybrook
436,"$594,100","LOT 21159 KATALIA ESTATE, Donnybrook",,3,2,2,,263m²,,https://www.realestate.com.au/property-house-vic-donnybrook-146976384,Donnybrook
437,"$565,000","Lot 21233 Katalia Estate, Donnybrook",,3,2,2,,263m²,,https://www.realestate.com.au/property-house-vic-donnybrook-146976540,Donnybrook
438,"$576,686","Lot 1010 Rainbow Street, Wollert",,3,2,2,,274m²,,https://www.realestate.com.au/property-house-vic-wollert-146965472,Wollert
439,"$550,800 To $570,800","Lot 323 Bango Way, Donnybrook",,4,2,1,,213m²,,https://www.realestate.com.au/property-house-vic-donnybrook-146969412,Donnybrook
440,$648k if eligible for FHOG* - $658k,"1121 Woodlawn Road, Wollert",,4,2,2,,325m²,,https://www.realestate.com.au/property-house-vic-wollert-146956560,Wollert
441,"$639,109","Lot 21104 Pulchella Crescent, Donnybrook",,3,2,1,,389m²,,https://www.realestate.com.au/property-house-vic-donnybrook-146958496,Donnybrook
442,,"7 Prosecco Street, Wollert",,3,2,1,Inspection tomorrow 5:00 pm,,,https://www.realestate.com.au/property-house-vic-wollert-145232412,Wollert
443,,"5 Prosecco Street, Wollert",,3,2,1,Inspection tomorrow 5:00 pm,,,https://www.realestate.com.au/property-house-vic-wollert-145232736,Wollert
444,,"3 Prosecco Street, Wollert",,3,2,1,Inspection tomorrow 5:00 pm,,,https://www.realestate.com.au/property-house-vic-wollert-145232880,Wollert
445,,"13 Prosecco Street, Wollert",,3,2,1,Inspection tomorrow 5:00 pm,,,https://www.realestate.com.au/property-house-vic-wollert-145232172,Wollert
446,,"11 Prosecco Street, Wollert",,3,2,1,Inspection tomorrow 5:00 pm,,,https://www.realestate.com.au/property-house-vic-wollert-145232316,Wollert
447,"$514,900","Address available on request, Kalkallo",,3,2,2,,,,https://www.realestate.com.au/property-house-vic-kalkallo-146948992,Kalkallo
448,"$514,900","Address available on request, Kalkallo",,3,2,2,,,,https://www.realestate.com.au/property-house-vic-kalkallo-146948984,Kalkallo
449,,"12 Carignan Street, Wollert",,4,2,2,,,,https://www.realestate.com.au/property-house-vic-wollert-146942972,Wollert
450,,"18 Nasturium Street, Kalkallo",,4,2,2,,,,https://www.realestate.com.au/property-house-vic-kalkallo-146945244,Kalkallo
451,,"10 Magnesium Road, Kalkallo",,4,2,2,,,,https://www.realestate.com.au/property-house-vic-kalkallo-146946412,Kalkallo
452,,"12 Magnesium Road, Kalkallo",,4,2,2,,,,https://www.realestate.com.au/property-house-vic-kalkallo-146946496,Kalkallo
453,,"8 Tungsten Drive, Kalkallo",,3,2,2,,,,https://www.realestate.com.au/property-house-vic-kalkallo-146947036,Kalkallo
454,,"4 Mulholland Street, Kalkallo",,3,2,2,,,,https://www.realestate.com.au/property-house-vic-kalkallo-146945128,Kalkallo
459,"$630,000","17 Nyon Walk, Wollert",,4,2,2,,215m²,,https://www.realestate.com.au/property-house-vic-wollert-146665580,Wollert
460,,"10  Echelon Road, Doreen",,3,2,1,,330m²,,https://www.realestate.com.au/property-house-vic-doreen-146531084,Doreen
461,"$620,000","21 Times Street, Kalkallo",,3,2,1,,179m²,,https://www.realestate.com.au/property-house-vic-kalkallo-146867756,Kalkallo
463,$596k if eligible for FHOG - $606k,"1123 Woodlawn Road, Wollert",,4,2,2,,273m²,,https://www.realestate.com.au/property-house-vic-wollert-146873708,Wollert
465,"$629,800 To $659,800","Lot 476 Frittata Street, Donnybrook",,4,2,2,,313m²,,https://www.realestate.com.au/property-house-vic-donnybrook-146870728,Donnybrook
466,"$649,900","16 Nagambie Road, Kalkallo",,3,2,2,,350m²,,https://www.realestate.com.au/property-house-vic-kalkallo-146861628,Kalkallo
467,"$647,000 To $657,000","Lot 748 Pimsoll Street, Mickleham",,4,2,2,,294m²,,https://www.realestate.com.au/property-house-vic-mickleham-146870752,Mickleham
468,"$623,900 To $633,900","Lot 747 Pimsoll Street, Mickleham",,3,2,2,,262m²,,https://www.realestate.com.au/property-house-vic-mickleham-146870816,Mickleham
469,"$595,500 To $625,500","Lot 475 Frittata Street, Donnybrook",,3,2,2,,263m²,,https://www.realestate.com.au/property-house-vic-donnybrook-146869404,Donnybrook
470,"$580,000 To $590,000","Lot 317 Bango Way, Donnybrook",,4,2,1,,213m²,,https://www.realestate.com.au/property-house-vic-donnybrook-146870712,Donnybrook
471,"$626,720","LOT 32822 Titanium Street, Kalkallo",,4,2,2,,350m²,,https://www.realestate.com.au/property-house-vic-kalkallo-146857220,Kalkallo
472,"$615,000","2/61 Black Braes Boulevard, Mernda",,3,2,1,Inspection Sat 25 Jan 4:30 pm,,,https://www.realestate.com.au/property-house-vic-mernda-146862400,Mernda
473,"$474,900","Lot 323 Donnybrook, Donnybrook",,3,2,1,,213m²,,https://www.realestate.com.au/property-house-vic-donnybrook-146857248,Donnybrook
474,"$649,000 - $679,000","9 Jum Way, Donnybrook",,4,2,2,,,,https://www.realestate.com.au/property-house-vic-donnybrook-146841744,Donnybrook
475,,"9 Knockturn Road, Kalkallo",,3,2,1,,,,https://www.realestate.com.au/property-house-vic-kalkallo-146834092,Kalkallo
476,"$535,890","604 Churchill Drive, Donnybrook",,3,2,1,,213m²,,https://www.realestate.com.au/property-house-vic-donnybrook-146827432,Donnybrook
477,,"26 Lowline Way, Wollert",,4,2,2,,336m²,,https://www.realestate.com.au/property-house-vic-wollert-146815812,Wollert
478,"$591,490","Lot 747 Plimsoll St, Mickleham",,3,2,2,,262m²,,https://www.realestate.com.au/property-house-vic-mickleham-146818320,Mickleham
479,"$635,000","21 Calf Street, Donnybrook",,4,2,2,,,,https://www.realestate.com.au/property-house-vic-donnybrook-146812784,Donnybrook
480,"TITLED LAND $623,000","36 Mulwala Drive, Doreen",,4,2,2,,313m²,,https://www.realestate.com.au/property-house-vic-doreen-146813324,Doreen
481,,"22 Amfissa Street, Wollert",,3,2,2,,,,https://www.realestate.com.au/property-house-vic-wollert-146795036,Wollert
482,"$628,090","Lot 1318 ., Wollert",,3,2,2,,300m²,,https://www.realestate.com.au/property-house-vic-wollert-146791724,Wollert
483,"$612,200 To $632,200","Lot 747 Plimsoll Street, Mickleham",,4,2,2,,262m²,,https://www.realestate.com.au/property-house-vic-mickleham-146788688,Mickleham
484,"$610,000 To $640,000","Lot 459 Frittata Street, Donnybrook",,4,2,2,,263m²,,https://www.realestate.com.au/property-house-vic-donnybrook-146788644,Donnybrook
485,"$546,000 To $576,000","Lot 460  Frittata Street, Donnybrook",,3,2,2,,220m²,,https://www.realestate.com.au/property-house-vic-donnybrook-146788592,Donnybrook
486,"$638,859","Lot 1036 Fuchsia Street, Wollert",,3,2,2,,318m²,,https://www.realestate.com.au/property-house-vic-wollert-146781760,Wollert
487,"$625,838","Lot 1318 Castletroy Circuit, Wollert",,3,2,2,,300m²,,https://www.realestate.com.au/property-house-vic-wollert-146781800,Wollert
488,"$587,838","Lot 747 Plimsoll Street, Mickleham",,3,2,2,,262m²,,https://www.realestate.com.au/property-house-vic-mickleham-146781848,Mickleham
489,"$538,153","Lot 20934 Dome Avenue, Donnybrook",,3,2,1,,350m²,,https://www.realestate.com.au/property-house-vic-donnybrook-146769196,Donnybrook
490,"$630,000","91 Spinebill Close, South Morang",,3,3,1,,,,https://www.realestate.com.au/property-house-vic-south+morang-146761732,South Morang
491,"$630,000","90 Spinebill Close, South Morang",,3,2,1,,,,https://www.realestate.com.au/property-house-vic-south+morang-146761684,South Morang
492,"$630,000","89 Spinebill Close, South Morang",,3,2,1,,,,https://www.realestate.com.au/property-house-vic-south+morang-146761620,South Morang
493,"$630,000","88 Spinebill Close, South Morang",,3,2,1,,,,https://www.realestate.com.au/property-house-vic-south+morang-146761596,South Morang
494,"$621,000","Lot 2733 Fayalite Circuit, Donnybrook",,4,2,2,,313m²,,https://www.realestate.com.au/property-house-vic-donnybrook-146760172,Donnybrook
495,"$564,200","Lot 604 Churchill Drive, Donnybrook",,3,2,1,,213m²,,https://www.realestate.com.au/property-house-vic-donnybrook-146759640,Donnybrook
496,"$549,300","Lot 523 Kattang Street, Donnybrook",,3,2,2,,221m²,,https://www.realestate.com.au/property-house-vic-donnybrook-146759372,Donnybrook
497,"TITLED LAND - $631,320","Lot 219 Pitchstone Circuit, Epping",,3,2,2,,263m²,,https://www.realestate.com.au/property-house-vic-epping-146750488,Epping
498,"$630,000 - $660,000","28 Sandon Crescent, Donnybrook",,4,2,2,Inspection tomorrow 5:30 pm,,,https://www.realestate.com.au/property-house-vic-donnybrook-146729556,Donnybrook
499,"$585,990","636 ., Donnybrook",,4,2,1,,225m²,,https://www.realestate.com.au/property-house-vic-donnybrook-146714712,Donnybrook
500,"$515,990","648 ., Donnybrook",,4,2,2,,204m²,,https://www.realestate.com.au/property-house-vic-donnybrook-146714708,Donnybrook
501,"H&L Packages From $570,000","Address available on request, Wollert",,3,2,2,,,,https://www.realestate.com.au/property-house-vic-wollert-146708268,Wollert
502,"$638,700","Address available on request, Greenvale",,3,2,1,,,,https://www.realestate.com.au/property-house-vic-greenvale-146705652,Greenvale
503,"$622,750","Address available on request, Wollert",,3,2,2,,,,https://www.realestate.com.au/property-house-vic-wollert-146705640,Wollert
504,"$580,000","68 Everlasting Boulevard, South Morang",,3,2,1,,,,https://www.realestate.com.au/property-house-vic-south+morang-146696700,South Morang
505,"$570,000 - $600,000","13 Troidini Entrance, Mickleham",,3,2,1,Inspection tomorrow 5:30 pm,212m²,,https://www.realestate.com.au/property-house-vic-mickleham-146683068,Mickleham
506,,"11 Middlemount Street, Donnybrook",,4,2,2,,,,https://www.realestate.com.au/property-house-vic-donnybrook-141833588,Donnybrook
507,,"11 Humboldt Street, Kalkallo",,3,2,2,,,,https://www.realestate.com.au/property-house-vic-kalkallo-146643768,Kalkallo
508,"$514,900","36745 Mulholland Street, Kalkallo",,3,2,1,,221m²,,https://www.realestate.com.au/property-house-vic-kalkallo-146637540,Kalkallo
509,"$514,900","36744 Mulholland Street, Kalkallo",,3,2,1,,221m²,,https://www.realestate.com.au/property-house-vic-kalkallo-146637300,Kalkallo
510,"$569,250","Address available on request, Wollert",,3,2,1,,,,https://www.realestate.com.au/property-house-vic-wollert-146627148,Wollert
511,,"10 Clarendon Avenue, Craigieburn",,3,2,1,Inspection Sat 25 Jan 1:00 pm,,,https://www.realestate.com.au/property-house-vic-craigieburn-146623964,Craigieburn
512,"$589,900","5 Mulholland St, Kalkallo",,3,2,2,,263m²,,https://www.realestate.com.au/property-house-vic-kalkallo-146609752,Kalkallo
513,,"15 Bracegirdle Drive, Mickleham",,3,2,2,,,,https://www.realestate.com.au/property-house-vic-mickleham-146591056,Mickleham
514,,"11 Bracegirdle Drive, Mickleham",,3,2,2,,,,https://www.realestate.com.au/property-house-vic-mickleham-146591320,Mickleham
515,,"21 Mitford Crescent, Craigieburn",,4,2,1,Inspection Sat 25 Jan 11:00 am,,,https://www.realestate.com.au/property-house-vic-craigieburn-145994944,Craigieburn
516,"$632,900","Lot 213 at Aticuss Estate, Woodstock",,4,2,2,,350m²,,https://www.realestate.com.au/property-house-vic-woodstock-146531404,Woodstock
517,"From $540,000","Address available on request, Donnybrook",,3,2,1,,,,https://www.realestate.com.au/property-house-vic-donnybrook-146495768,Donnybrook
518,"$546,000 — $566,000","3 Rialto Circuit, Craigieburn",,3,2,1,,,,https://www.realestate.com.au/property-house-vic-craigieburn-146480240,Craigieburn
519,"TITLED LAND - $642,500","Lot 34 Yellow Brick Road, Doreen",,4,2,2,,331m²,,https://www.realestate.com.au/property-house-vic-doreen-146403372,Doreen
520,"$605,500","Address available on request, Wollert",,3,2,2,,275m²,,https://www.realestate.com.au/property-house-vic-wollert-146372996,Wollert
521,"$524,400","Address available on request, Wollert",,3,2,1,,179m²,,https://www.realestate.com.au/property-house-vic-wollert-146372948,Wollert
522,"$539,000","162 Clongower Street, Woodstock",,3,2,2,,,,https://www.realestate.com.au/property-house-vic-woodstock-146354432,Woodstock
523,"$599,900","24 Langridge Way, Mickleham",,3,2,2,,263m²,,https://www.realestate.com.au/property-house-vic-mickleham-146346084,Mickleham
524,"$599,990","Address available on request, Donnybrook",,3,2,2,,,,https://www.realestate.com.au/property-house-vic-donnybrook-146307724,Donnybrook
525,"$560,000","10 Zataar Street, Mickleham",,3,2,1,,,,https://www.realestate.com.au/property-house-vic-mickleham-146277444,Mickleham
526,"$599,900","26 Langridge Way, Mickleham",,3,2,2,,263m²,,https://www.realestate.com.au/property-house-vic-mickleham-146262156,Mickleham
527,"$599,900","21  Huntingtower Avenue, Mickleham",,3,2,2,,263m²,,https://www.realestate.com.au/property-house-vic-mickleham-146262396,Mickleham
528,"$650,000 - $675,000","62 River Redgum Boulevard, Donnybrook",,4,2,2,,,,https://www.realestate.com.au/property-house-vic-donnybrook-146252524,Donnybrook
529,"$640,000 - $680,000","32 Samolus Street, Mickleham",,4,2,2,,,,https://www.realestate.com.au/property-house-vic-mickleham-146241552,Mickleham
530,"$627,350","No. 401 Mylius Street, Wollert",,3,2,2,,238m²,,https://www.realestate.com.au/property-house-vic-wollert-146006592,Wollert
531,"$634,350","No. 404 Mylius Street, Wollert",,3,2,2,,302m²,,https://www.realestate.com.au/property-house-vic-wollert-146006056,Wollert
532,"$629,900","8 Lynnwood Drive, Mickleham",,3,2,2,,313m²,,https://www.realestate.com.au/property-house-vic-mickleham-145998372,Mickleham
533,"$599,900","25 Huntingtower Ave, Mickleham",,3,2,2,,263m²,,https://www.realestate.com.au/property-house-vic-mickleham-146000436,Mickleham
534,"$540,000","11 Ferguson Walk, Mickleham",,3,2,2,,168m²,,https://www.realestate.com.au/property-house-vic-mickleham-145937936,Mickleham
535,"$580,000 -$610,000","Lot 313 Bracegirdle Drive, Mickleham",,3,2,2,,294m²,,https://www.realestate.com.au/property-house-vic-mickleham-145872004,Mickleham
536,"$640,000 - $680,000","30 Samolus Street, Mickleham",,4,2,2,,,,https://www.realestate.com.au/property-house-vic-mickleham-145847908,Mickleham
537,"$580,000 to $610,000","4 Bracegirdle Drive, Mickleham",,3,2,2,,,,https://www.realestate.com.au/property-house-vic-mickleham-145848572,Mickleham
538,"$599,000 - $619,000","38  Deltora Road, Wollert",,3,2,1,,,,https://www.realestate.com.au/property-house-vic-wollert-145841764,Wollert
539,"$560,000 - $600,000","7 Portswood Drive, Donnybrook",,4,2,1,,,,https://www.realestate.com.au/property-house-vic-donnybrook-145831648,Donnybrook
540,"$560,000 - $600,00","9 Portswood Drive, Donnybrook",,4,2,1,,,,https://www.realestate.com.au/property-house-vic-donnybrook-145831832,Donnybrook
541,"$600,000","Address available on request, Mickleham",,4,2,1,,,,https://www.realestate.com.au/property-house-vic-mickleham-145815072,Mickleham
542,"$570,200 - Fixed Price & Full Turnkey Inclusions","Address available on request, Donnybrook",,3,2,1,,179m²,,https://www.realestate.com.au/property-house-vic-donnybrook-145759136,Donnybrook
543,"$509,846","147 Elana Place, Epping",,3,2,1,,191m²,,https://www.realestate.com.au/property-house-vic-epping-145740480,Epping
544,"$624,900","23 Huntingtower Avenue, Mickleham",,3,2,2,,221m²,,https://www.realestate.com.au/property-house-vic-mickleham-145745296,Mickleham
545,"$619,900","15 Belson Street., Mickleham",,3,2,2,,294m²,,https://www.realestate.com.au/property-house-vic-mickleham-145744756,Mickleham
546,"$536,000","Lot 636 Millbrook Way, Woodstock",,3,2,1,,225m²,,https://www.realestate.com.au/property-house-vic-woodstock-145731312,Woodstock
547,"$499,000 - $510,000","54 Boomerang Road, Donnybrook",,3,2,1,,,,https://www.realestate.com.au/property-house-vic-donnybrook-145620496,Donnybrook
548,"$650,000 - $680,000","18 Sandon Crescent, Donnybrook",,4,2,1,,,,https://www.realestate.com.au/property-house-vic-donnybrook-145573280,Donnybrook
549,Taking offer 630K-660K,"11 Swanmore Road, Donnybrook",,4,2,2,,,,https://www.realestate.com.au/property-house-vic-donnybrook-145534968,Donnybrook
550,"$650,000 - $700,000","10  Herridge Street, Mickleham",,4,2,4,,,,https://www.realestate.com.au/property-house-vic-mickleham-145158276,Mickleham
551,,"Address available on request, Mickleham",,3,2,1,,,,https://www.realestate.com.au/property-house-vic-mickleham-145489376,Mickleham
552,"$549,700","526 New Street, Donnybrook",,3,2,1,,196m²,,https://www.realestate.com.au/property-house-vic-donnybrook-145447100,Donnybrook
553,"$625,000 - $640,000","11 Knockturn Road, Kalkallo",,4,2,2,,,,https://www.realestate.com.au/property-house-vic-kalkallo-145444212,Kalkallo
554,"$580,000 to $610,000","3 Mulholland Street, Kalkallo",,3,2,2,,,,https://www.realestate.com.au/property-house-vic-kalkallo-145443124,Kalkallo
555,"$558,800 - Fixed Price & Full Turnkey Inclusions","615 Churchill Drive, Donnybrook",,3,2,1,,179m²,,https://www.realestate.com.au/property-house-vic-donnybrook-145307092,Donnybrook
556,"$600,000 to $625,000","6A Richards Street, Lalor",,3,2,2,Inspection Sat 25 Jan 1:00 pm,,,https://www.realestate.com.au/property-house-vic-lalor-144937772,Lalor
557,"$540,000 - $580,000","17 Olivetree Loop, Craigieburn",,3,2,2,Inspection tomorrow 6:00 pm,,,https://www.realestate.com.au/property-house-vic-craigieburn-145145136,Craigieburn
558,"$650,000 $669,000","Address available on request, Donnybrook",,4,2,1,,318m²,,https://www.realestate.com.au/property-house-vic-donnybrook-145122488,Donnybrook
559,"$510,000 - $530,000","79 Regatta Drive, Craigieburn",,3,3,2,,167m²,,https://www.realestate.com.au/property-house-vic-craigieburn-144963024,Craigieburn
560,,"43 Alloca Crescent, Donnybrook",,4,2,2,,,,https://www.realestate.com.au/property-house-vic-donnybrook-144939456,Donnybrook
561,,"3 Times Street, Kalkallo",,4,2,2,,,,https://www.realestate.com.au/property-house-vic-kalkallo-144820996,Kalkallo
562,,"31 Arlington Park Drive, Mickleham",,3,2,1,,,,https://www.realestate.com.au/property-house-vic-mickleham-144749840,Mickleham
563,"$650,000 - $670,000","Address available on request, Donnybrook",,4,2,1,,,,https://www.realestate.com.au/property-house-vic-donnybrook-144689980,Donnybrook
564,"$555,000 - $575,000","10 Quiney Walk, Wollert",,3,2,2,,,,https://www.realestate.com.au/property-house-vic-wollert-144629888,Wollert
565,$599K Turnkey H&L,"41138 Lot 41138 Powderbank Cresent, Mickleham",,3,2,2,,263m²,,https://www.realestate.com.au/property-house-vic-mickleham-144588308,Mickleham
566,"$553,600 Full Turnkey Inclusions","Lot 523 Kattang Street, Donnybrook",,3,2,1,,179m²,,https://www.realestate.com.au/property-house-vic-donnybrook-144416660,Donnybrook
567,,"17 Washington Street, Dallas",,4,2,2,,615m²,,https://www.realestate.com.au/property-house-vic-dallas-144148932,Dallas
568,,"Address available on request, Kalkallo",,4,2,2,,,,https://www.realestate.com.au/property-house-vic-kalkallo-143187728,Kalkallo
569,,"Address available on request, Wollert",,3,2,2,,,,https://www.realestate.com.au/property-house-vic-wollert-142435056,Wollert
570,"$565,855","109 Gamon Street, Mickleham",,3,2,1,,,,https://www.realestate.com.au/property-house-vic-mickleham-141454636,Mickleham
571,"$579,800 Full Turnkey Inclusions","Lot 20212 Bovine Crescent, Donnybrook",,3,2,2,,263m²,,https://www.realestate.com.au/property-house-vic-donnybrook-141036064,Donnybrook
572,,"45 Turion Drive, Mickleham",,3,2,1,,,,https://www.realestate.com.au/property-house-vic-mickleham-139648851,Mickleham
573,,"32  Cochrane Avenue, Mickleham",,4,2,2,,,,https://www.realestate.com.au/property-house-vic-mickleham-135404418,Mickleham
